Workbook

Sheet Chips
F1: Tournament Structure
F2: # Players | G2: 40 | H2: # Rebuys | I2: =G2/2 -> 20 | J2: # Total | K2: =ROUND(SUM(I2,G2),0) -> 60
B3: Colour | C3: Denomination | D3: Count | F3: Colour | G3: Denomination | H3: Count | I3: Value | J3: Total Chips rq'd | K3: Shortage
B4: White | C4: 25 | D4: 1295 | F4: White | G4: 25 | H4: 8 | I4: =Table116[[#This Row],[Denomination]]*Table116[[#This Row],[Count]] -> 200 | J4: =Table116[[#This Row],[Count]]*$K$2 -> 480 | K4: =MIN(D4-Table116[[#This Row],[Total Chips rq''d]],0) -> 0
B5: Red | C5: 100 | D5: 800 | F5: Red | G5: 100 | H5: 8 | I5: =Table116[[#This Row],[Denomination]]*Table116[[#This Row],[Count]] -> 800 | J5: =Table116[[#This Row],[Count]]*$K$2 -> 480 | K5: =MIN(D5-Table116[[#This Row],[Total Chips rq''d]],0) -> 0
B6: Green | C6: 500 | D6: 805 | F6: Green | G6: 500 | H6: 6 | I6: =Table116[[#This Row],[Denomination]]*Table116[[#This Row],[Count]] -> 3000 | J6: =Table116[[#This Row],[Count]]*$K$2 -> 360 | K6: =MIN(D6-Table116[[#This Row],[Total Chips rq''d]],0) -> 0
B7: Blue | C7: 1000 | D7: 813 | F7: Blue | G7: 1000 | H7: 4 | I7: =Table116[[#This Row],[Denomination]]*Table116[[#This Row],[Count]] -> 4000 | J7: =Table116[[#This Row],[Count]]*$K$2 -> 240 | K7: =MIN(D7-Table116[[#This Row],[Total Chips rq''d]],0) -> 0
B8: Black | C8: 5000 | D8: 806 | F8: Black | G8: 5000 | H8: 0 | I8: =Table116[[#This Row],[Denomination]]*Table116[[#This Row],[Count]] -> 0 | J8: =Table116[[#This Row],[Count]]*$K$2 -> 0 | K8: =MIN(D8-Table116[[#This Row],[Total Chips rq''d]],0) -> 0
F9: Total | H9: =SUBTOTAL(109,Table116[Count]) -> 26 | I9: =SUBTOTAL(109,Table116[Value]) -> 8000

Sheet Leadership
B2: Email | C2: Name | D2: Role
B3: dribkof@uwo.ca | C3: David Ribkoff | D3: President
B4: rchen496@uwo.ca | C4: Ryan Chen | D4: VP Comms
B5: mmacph52@uwo.ca | C5: Myles MacPherson | D5: VP Events
B6: tmah7@uwo.ca | C6: Tyler Mah | D6: VP External
B7: nfenske@uwo.ca | C7: Nathan Fenske | D7: VP Finance
B8: ycai388@uwo.ca | C8: Jackie Cai | D8: VP Projects
B9: edong23@uwo.ca | C9: Edward Dong | D9: Director of Events
B10: kali83@uwo.ca | C10: Kaden Ali | D10: Director of Events
B11: pzykmund@uwo.ca | C11: Pavel Zykmund | D11: Director of Events
B12: rshweiha@uwo.ca | C12: Rita Shweihat | D12: Director of Events
B13: sahn87@uwo.ca | C13: Sam Ahn | D13: Director of Events
C14: Matthew Barclay | D14: Director of Events
B15: lpanare@uwo.ca | C15: Leo Panarello | D15: Director of External
B16: akwong45@uwo.ca | C16: Aidan Kwong | D16: Director of Finance
B17: ezavedei@uwo.ca | C17: Eduard Zavedei | D17: Director of Graphics
B18: oacheamp@uwo.ca | C18: Ohemaa Acheampong | D18: Director of Graphics
B19: bbulyovs@uwo.ca | C19: Ben Bulyovsky | D19: Director of Productions
B20: ckernag@uwo.ca | C20: Charlie Kernaghan | D20: Director of Productions
B21: bsuidgee@uwo.ca | C21: Brock Suidgeest | D21: Director of Projects
B22: cbechtol@uwo.ca | C22: Cyrus Bechtold | D22: Director of Projects
B23: jouyan26@uwo.ca | C23: Jillian Ouyang | D23: Director of Projects
B24: rmandi@uwo.ca | C24: Rohan Mandi | D24: Director of Projects
B25: ekim455@uwo.ca | C25: Ethan Kim | D25: Director of Sponsorships
B26: ksee3@uwo.ca | C26: Kyler See | D26: Director of Sponsorships
... B75: zhao49@uwo.ca | C75: Zack Hao | D75: Executive
B76: Total | D76: =SUBTOTAL(103,Table26[Role]) -> 73

Sheet Structures
G1: =TODAY() -> 46092
B2: Rank | C2: Ref | D2: Points | E2: Points w/ Rebuy | M2: Boolean | O2: Tournament Dates | Q2: Year of study | S2: Program | U2: Membership | W2: Rank | Y2: Role
B3: 1 | D3: 50 | E3: =ROUNDUP(D3*0.75,0) -> 38 | M3: Yes | O3: 45930 | Q3: 1 | S3: Don Wright Faculty of Music | U3: Verified | W3: Gold | Y3: President
B4: 2 | D4: 30 | E4: =ROUNDUP(D4*0.75,0) -> 23 | M4: No | O4: 45932 | Q4: 2 | S4: Faculty of Arts and Humanities | U4: Unverified | W4: Silver | Y4: VP
B5: 3 | D5: 20 | E5: =ROUNDUP(D5*0.75,0) -> 15 | G5: Name | H5: All-time rank | I5: All-time score | J5: Helper | K5: Helper2 | M5: DNP | O5: 45939 | Q5: 3 | S5: Faculty of Education | W5: Bronze | Y5: Director
B6: Final Table | C6: 10 | D6: 10 | E6: =ROUNDUP(D6*0.75,0) -> 8 | G6: =IFERROR(Table5[[#This Row],[Full name]],"") -> David Ribkoff | H6: =_xlfn.RANK.EQ(AllTime1[[#This Row],[All-time score]],AllTime1[All-time score],0) -> 83 | I6: =_xlfn.XLOOKUP(AllTime1[[#This Row],[Name]],Table16[Name],Table16[Totals],"Error",0,1) -> 20 | J6: =IF(ISNUMBER(AllTime1[[#This Row],[All-time rank]]), AllTime1[[#This Row],[All-time rank]] + ROW(AllTime1[[#This Row],[All-time rank]])/100000, 99999 + ROW(AllTime1[[#This Row],[All-time rank]])/100000) -> 83.00006 | K6: =IF(ISNUMBER(AllTime1[[#This Row],[All-time score]]), AllTime1[[#This Row],[All-time score]] + ROW(AllTime1[[#This Row],[All-time score]])/100000000, 0 + ROW(AllTime1[[#This Row],[All-time score]])/1000000000) -> 20 | O6: 45944 | Q6: 4 | S6: Faculty of Engineering | W6: 4th | Y6: President
B7: Top Quartile | C7: 0.25 | D7: 4 | E7: =ROUNDUP(D7*0.75,0) -> 3 | G7: =IFERROR(Table5[[#This Row],[Full name]],"") -> Ryan Chen | H7: =_xlfn.RANK.EQ(AllTime1[[#This Row],[All-time score]],AllTime1[All-time score],0) -> 45 | I7: =_xlfn.XLOOKUP(AllTime1[[#This Row],[Name]],Table16[Name],Table16[Totals],"Error",0,1) -> 34 | J7: =IF(ISNUMBER(AllTime1[[#This Row],[All-time rank]]), AllTime1[[#This Row],[All-time rank]] + ROW(AllTime1[[#This Row],[All-time rank]])/100000, 99999 + ROW(AllTime1[[#This Row],[All-time rank]])/100000) -> 45.00007 | K7: =IF(ISNUMBER(AllTime1[[#This Row],[All-time score]]), AllTime1[[#This Row],[All-time score]] + ROW(AllTime1[[#This Row],[All-time score]])/100000000, 0 + ROW(AllTime1[[#This Row],[All-time score]])/1000000000) -> 34 | O7: 45953 | Q7: 5+ | S7: Faculty of Health Sciences | W7: 5th
B8: Top Half | C8: 0.5 | D8: 2 | E8: =ROUNDUP(D8*0.75,0) -> 2 | G8: =IFERROR(Table5[[#This Row],[Full name]],"") -> Myles MacPherson | H8: =_xlfn.RANK.EQ(AllTime1[[#This Row],[All-time score]],AllTime1[All-time score],0) -> 165 | I8: =_xlfn.XLOOKUP(AllTime1[[#This Row],[Name]],Table16[Name],Table16[Totals],"Error",0,1) -> 5 | J8: =IF(ISNUMBER(AllTime1[[#This Row],[All-time rank]]), AllTime1[[#This Row],[All-time rank]] + ROW(AllTime1[[#This Row],[All-time rank]])/100000, 99999 + ROW(AllTime1[[#This Row],[All-time rank]])/100000) -> 165.00008 | K8: =IF(ISNUMBER(AllTime1[[#This Row],[All-time score]]), AllTime1[[#This Row],[All-time score]] + ROW(AllTime1[[#This Row],[All-time score]])/100000000, 0 + ROW(AllTime1[[#This Row],[All-time score]])/1000000000) -> 5.0000001 | O8: 45958 | Q8: Master's or PhD | S8: Faculty of Information and Media Studies | W8: 6th
B9: Participation | C9: 1 | D9: 1 | E9: =ROUNDUP(D9*0.75,0) -> 1 | G9: =IFERROR(Table5[[#This Row],[Full name]],"") -> Tyler Mah | H9: =_xlfn.RANK.EQ(AllTime1[[#This Row],[All-time score]],AllTime1[All-time score],0) -> 113 | I9: =_xlfn.XLOOKUP(AllTime1[[#This Row],[Name]],Table16[Name],Table16[Totals],"Error",0,1) -> 13 | J9: =IF(ISNUMBER(AllTime1[[#This Row],[All-time rank]]), AllTime1[[#This Row],[All-time rank]] + ROW(AllTime1[[#This Row],[All-time rank]])/100000, 99999 + ROW(AllTime1[[#This Row],[All-time rank]])/100000) -> 113.00009 | K9: =IF(ISNUMBER(AllTime1[[#This Row],[All-time score]]), AllTime1[[#This Row],[All-time score]] + ROW(AllTime1[[#This Row],[All-time score]])/100000000, 0 + ROW(AllTime1[[#This Row],[All-time score]])/1000000000) -> 13 | O9: 45974 | S9: Faculty of Law | W9: 7th
G10: =IFERROR(Table5[[#This Row],[Full name]],"") -> Nathan Fenske | H10: =_xlfn.RANK.EQ(AllTime1[[#This Row],[All-time score]],AllTime1[All-time score],0) -> 198 | I10: =_xlfn.XLOOKUP(AllTime1[[#This Row],[Name]],Table16[Name],Table16[Totals],"Error",0,1) -> 3 | J10: =IF(ISNUMBER(AllTime1[[#This Row],[All-time rank]]), AllTime1[[#This Row],[All-time rank]] + ROW(AllTime1[[#This Row],[All-time rank]])/100000, 99999 + ROW(AllTime1[[#This Row],[All-time rank]])/100000) -> 198.0001 | K10: =IF(ISNUMBER(AllTime1[[#This Row],[All-time score]]), AllTime1[[#This Row],[All-time score]] + ROW(AllTime1[[#This Row],[All-time score]])/100000000, 0 + ROW(AllTime1[[#This Row],[All-time score]])/1000000000) -> 3.0000001 | O10: 45979 | S10: Faculty of Science | W10: 8th
G11: =IFERROR(Table5[[#This Row],[Full name]],"") -> Jackie Cai | H11: =_xlfn.RANK.EQ(AllTime1[[#This Row],[All-time score]],AllTime1[All-time score],0) -> 80 | I11: =_xlfn.XLOOKUP(AllTime1[[#This Row],[Name]],Table16[Name],Table16[Totals],"Error",0,1) -> 21 | J11: =IF(ISNUMBER(AllTime1[[#This Row],[All-time rank]]), AllTime1[[#This Row],[All-time rank]] + ROW(AllTime1[[#This Row],[All-time rank]])/100000, 99999 + ROW(AllTime1[[#This Row],[All-time rank]])/100000) -> 80.00011 | K11: =IF(ISNUMBER(AllTime1[[#This Row],[All-time score]]), AllTime1[[#This Row],[All-time score]] + ROW(AllTime1[[#This Row],[All-time score]])/100000000, 0 + ROW(AllTime1[[#This Row],[All-time score]])/1000000000) -> 21 | O11: 45981 | S11: Faculty of Social Science | W11: 9th
G12: =IFERROR(Table5[[#This Row],[Full name]],"") -> Edward Dong | H12: =_xlfn.RANK.EQ(AllTime1[[#This Row],[All-time score]],AllTime1[All-time score],0) -> 100 | I12: =_xlfn.XLOOKUP(AllTime1[[#This Row],[Name]],Table16[Name],Table16[Totals],"Error",0,1) -> 15 | J12: =IF(ISNUMBER(AllTime1[[#This Row],[All-time rank]]), AllTime1[[#This Row],[All-time rank]] + ROW(AllTime1[[#This Row],[All-time rank]])/100000, 99999 + ROW(AllTime1[[#This Row],[All-time rank]])/100000) -> 100.00012 | K12: =IF(ISNUMBER(AllTime1[[#This Row],[All-time score]]), AllTime1[[#This Row],[All-time score]] + ROW(AllTime1[[#This Row],[All-time score]])/100000000, 0 + ROW(AllTime1[[#This Row],[All-time score]])/1000000000) -> 15 | O12: 45988 | S12: Huron Arts & Social Science | W12: 10th
G13: =IFERROR(Table5[[#This Row],[Full name]],"") -> Kaden Ali | H13: =_xlfn.RANK.EQ(AllTime1[[#This Row],[All-time score]],AllTime1[All-time score],0) -> 113 | I13: =_xlfn.XLOOKUP(AllTime1[[#This Row],[Name]],Table16[Name],Table16[Totals],"Error",0,1) -> 13 | J13: =IF(ISNUMBER(AllTime1[[#This Row],[All-time rank]]), AllTime1[[#This Row],[All-time rank]] + ROW(AllTime1[[#This Row],[All-time rank]])/100000, 99999 + ROW(AllTime1[[#This Row],[All-time rank]])/100000) -> 113.00013 | K13: =IF(ISNUMBER(AllTime1[[#This Row],[All-time score]]), AllTime1[[#This Row],[All-time score]] + ROW(AllTime1[[#This Row],[All-time score]])/100000000, 0 + ROW(AllTime1[[#This Row],[All-time score]])/1000000000) -> 13 | O13: 45993 | S13: Huron MOS
G14: =IFERROR(Table5[[#This Row],[Full name]],"") -> Matthew Barclay | H14: =_xlfn.RANK.EQ(AllTime1[[#This Row],[All-time score]],AllTime1[All-time score],0) -> 22 | I14: =_xlfn.XLOOKUP(AllTime1[[#This Row],[Name]],Table16[Name],Table16[Totals],"Error",0,1) -> 57 | J14: =IF(ISNUMBER(AllTime1[[#This Row],[All-time rank]]), AllTime1[[#This Row],[All-time rank]] + ROW(AllTime1[[#This Row],[All-time rank]])/100000, 99999 + ROW(AllTime1[[#This Row],[All-time rank]])/100000) -> 22.00014 | K14: =IF(ISNUMBER(AllTime1[[#This Row],[All-time score]]), AllTime1[[#This Row],[All-time score]] + ROW(AllTime1[[#This Row],[All-time score]])/100000000, 0 + ROW(AllTime1[[#This Row],[All-time score]])/1000000000) -> 57 | O14: 46049 | S14: Huron Theology
G15: =IFERROR(Table5[[#This Row],[Full name]],"") -> Pavel Zykmund | H15: =_xlfn.RANK.EQ(AllTime1[[#This Row],[All-time score]],AllTime1[All-time score],0) -> 14 | I15: =_xlfn.XLOOKUP(AllTime1[[#This Row],[Name]],Table16[Name],Table16[Totals],"Error",0,1) -> 66 | J15: =IF(ISNUMBER(AllTime1[[#This Row],[All-time rank]]), AllTime1[[#This Row],[All-time rank]] + ROW(AllTime1[[#This Row],[All-time rank]])/100000, 99999 + ROW(AllTime1[[#This Row],[All-time rank]])/100000) -> 14.00015 | K15: =IF(ISNUMBER(AllTime1[[#This Row],[All-time score]]), AllTime1[[#This Row],[All-time score]] + ROW(AllTime1[[#This Row],[All-time score]])/100000000, 0 + ROW(AllTime1[[#This Row],[All-time score]])/1000000000) -> 66 | O15: 46051 | S15: King's Social Sciences
G16: =IFERROR(Table5[[#This Row],[Full name]],"") -> Rita Shweihat | H16: =_xlfn.RANK.EQ(AllTime1[[#This Row],[All-time score]],AllTime1[All-time score],0) -> 96 | I16: =_xlfn.XLOOKUP(AllTime1[[#This Row],[Name]],Table16[Name],Table16[Totals],"Error",0,1) -> 16 | J16: =IF(ISNUMBER(AllTime1[[#This Row],[All-time rank]]), AllTime1[[#This Row],[All-time rank]] + ROW(AllTime1[[#This Row],[All-time rank]])/100000, 99999 + ROW(AllTime1[[#This Row],[All-time rank]])/100000) -> 96.00016 | K16: =IF(ISNUMBER(AllTime1[[#This Row],[All-time score]]), AllTime1[[#This Row],[All-time score]] + ROW(AllTime1[[#This Row],[All-time score]])/100000000, 0 + ROW(AllTime1[[#This Row],[All-time score]])/1000000000) -> 16 | O16: 46056 | S16: King's Arts & Humanities
G17: =IFERROR(Table5[[#This Row],[Full name]],"") -> Sam Ahn | H17: =_xlfn.RANK.EQ(AllTime1[[#This Row],[All-time score]],AllTime1[All-time score],0) -> 1 | I17: =_xlfn.XLOOKUP(AllTime1[[#This Row],[Name]],Table16[Name],Table16[Totals],"Error",0,1) -> 216 | J17: =IF(ISNUMBER(AllTime1[[#This Row],[All-time rank]]), AllTime1[[#This Row],[All-time rank]] + ROW(AllTime1[[#This Row],[All-time rank]])/100000, 99999 + ROW(AllTime1[[#This Row],[All-time rank]])/100000) -> 1.00017 | K17: =IF(ISNUMBER(AllTime1[[#This Row],[All-time score]]), AllTime1[[#This Row],[All-time score]] + ROW(AllTime1[[#This Row],[All-time score]])/100000000, 0 + ROW(AllTime1[[#This Row],[All-time score]])/1000000000) -> 216 | O17: 46058 | S17: King's MOS
G18: =IFERROR(Table5[[#This Row],[Full name]],"") -> Aidan Kwong | H18: =_xlfn.RANK.EQ(AllTime1[[#This Row],[All-time score]],AllTime1[All-time score],0) -> 22 | I18: =_xlfn.XLOOKUP(AllTime1[[#This Row],[Name]],Table16[Name],Table16[Totals],"Error",0,1) -> 57 | J18: =IF(ISNUMBER(AllTime1[[#This Row],[All-time rank]]), AllTime1[[#This Row],[All-time rank]] + ROW(AllTime1[[#This Row],[All-time rank]])/100000, 99999 + ROW(AllTime1[[#This Row],[All-time rank]])/100000) -> 22.00018 | K18: =IF(ISNUMBER(AllTime1[[#This Row],[All-time score]]), AllTime1[[#This Row],[All-time score]] + ROW(AllTime1[[#This Row],[All-time score]])/100000000, 0 + ROW(AllTime1[[#This Row],[All-time score]])/1000000000) -> 57 | O18: 46063 | S18: King's Economics and Finance
G19: =IFERROR(Table5[[#This Row],[Full name]],"") -> Eduard Zavedei | H19: =_xlfn.RANK.EQ(AllTime1[[#This Row],[All-time score]],AllTime1[All-time score],0) -> 220 | I19: =_xlfn.XLOOKUP(AllTime1[[#This Row],[Name]],Table16[Name],Table16[Totals],"Error",0,1) -> 2 | J19: =IF(ISNUMBER(AllTime1[[#This Row],[All-time rank]]), AllTime1[[#This Row],[All-time rank]] + ROW(AllTime1[[#This Row],[All-time rank]])/100000, 99999 + ROW(AllTime1[[#This Row],[All-time rank]])/100000) -> 220.00019 | K19: =IF(ISNUMBER(AllTime1[[#This Row],[All-time score]]), AllTime1[[#This Row],[All-time score]] + ROW(AllTime1[[#This Row],[All-time score]])/100000000, 0 + ROW(AllTime1[[#This Row],[All-time score]])/1000000000) -> 2.0000002 | O19: 46065 | S19: King's Mathematics and Statistics
G20: =IFERROR(Table5[[#This Row],[Full name]],"") -> Ohemaa Acheampong | H20: =_xlfn.RANK.EQ(AllTime1[[#This Row],[All-time score]],AllTime1[All-time score],0) -> 248 | I20: =_xlfn.XLOOKUP(AllTime1[[#This Row],[Name]],Table16[Name],Table16[Totals],"Error",0,1) -> 1 | J20: =IF(ISNUMBER(AllTime1[[#This Row],[All-time rank]]), AllTime1[[#This Row],[All-time rank]] + ROW(AllTime1[[#This Row],[All-time rank]])/100000, 99999 + ROW(AllTime1[[#This Row],[All-time rank]])/100000) -> 248.0002 | K20: =IF(ISNUMBER(AllTime1[[#This Row],[All-time score]]), AllTime1[[#This Row],[All-time score]] + ROW(AllTime1[[#This Row],[All-time score]])/100000000, 0 + ROW(AllTime1[[#This Row],[All-time score]])/1000000000) -> 1.0000002 | O20: 46077 | S20: Richard Ivey School Of Business
G21: =IFERROR(Table5[[#This Row],[Full name]],"") -> Ben Bulyovsky | H21: =_xlfn.RANK.EQ(AllTime1[[#This Row],[All-time score]],AllTime1[All-time score],0) -> 177 | I21: =_xlfn.XLOOKUP(AllTime1[[#This Row],[Name]],Table16[Name],Table16[Totals],"Error",0,1) -> 4 | J21: =IF(ISNUMBER(AllTime1[[#This Row],[All-time rank]]), AllTime1[[#This Row],[All-time rank]] + ROW(AllTime1[[#This Row],[All-time rank]])/100000, 99999 + ROW(AllTime1[[#This Row],[All-time rank]])/100000) -> 177.00021 | K21: =IF(ISNUMBER(AllTime1[[#This Row],[All-time score]]), AllTime1[[#This Row],[All-time score]] + ROW(AllTime1[[#This Row],[All-time score]])/100000000, 0 + ROW(AllTime1[[#This Row],[All-time score]])/1000000000) -> 4.0000002 | O21: 46079 | S21: Schulich School of Medicine & Dentistry
G22: =IFERROR(Table5[[#This Row],[Full name]],"") -> Brock Suidgeest | H22: =_xlfn.RANK.EQ(AllTime1[[#This Row],[All-time score]],AllTime1[All-time score],0) -> 113 | I22: =_xlfn.XLOOKUP(AllTime1[[#This Row],[Name]],Table16[Name],Table16[Totals],"Error",0,1) -> 13 | J22: =IF(ISNUMBER(AllTime1[[#This Row],[All-time rank]]), AllTime1[[#This Row],[All-time rank]] + ROW(AllTime1[[#This Row],[All-time rank]])/100000, 99999 + ROW(AllTime1[[#This Row],[All-time rank]])/100000) -> 113.00022 | K22: =IF(ISNUMBER(AllTime1[[#This Row],[All-time score]]), AllTime1[[#This Row],[All-time score]] + ROW(AllTime1[[#This Row],[All-time score]])/100000000, 0 + ROW(AllTime1[[#This Row],[All-time score]])/1000000000) -> 13 | O22: 46084 | S22: Western, Brescia Modules/Programs
G23: =IFERROR(Table5[[#This Row],[Full name]],"") -> Cyrus Bechtold | H23: =_xlfn.RANK.EQ(AllTime1[[#This Row],[All-time score]],AllTime1[All-time score],0) -> 67 | I23: =_xlfn.XLOOKUP(AllTime1[[#This Row],[Name]],Table16[Name],Table16[Totals],"Error",0,1) -> 24 | J23: =IF(ISNUMBER(AllTime1[[#This Row],[All-time rank]]), AllTime1[[#This Row],[All-time rank]] + ROW(AllTime1[[#This Row],[All-time rank]])/100000, 99999 + ROW(AllTime1[[#This Row],[All-time rank]])/100000) -> 67.00023 | K23: =IF(ISNUMBER(AllTime1[[#This Row],[All-time score]]), AllTime1[[#This Row],[All-time score]] + ROW(AllTime1[[#This Row],[All-time score]])/100000000, 0 + ROW(AllTime1[[#This Row],[All-time score]])/1000000000) -> 24 | O23: 46086 | S23: Western, Scholars Programs
G24: =IFERROR(Table5[[#This Row],[Full name]],"") -> Jillian Ouyang | H24: =_xlfn.RANK.EQ(AllTime1[[#This Row],[All-time score]],AllTime1[All-time score],0) -> 147 | I24: =_xlfn.XLOOKUP(AllTime1[[#This Row],[Name]],Table16[Name],Table16[Totals],"Error",0,1) -> 9 | J24: =IF(ISNUMBER(AllTime1[[#This Row],[All-time rank]]), AllTime1[[#This Row],[All-time rank]] + ROW(AllTime1[[#This Row],[All-time rank]])/100000, 99999 + ROW(AllTime1[[#This Row],[All-time rank]])/100000) -> 147.00024 | K24: =IF(ISNUMBER(AllTime1[[#This Row],[All-time score]]), AllTime1[[#This Row],[All-time score]] + ROW(AllTime1[[#This Row],[All-time score]])/100000000, 0 + ROW(AllTime1[[#This Row],[All-time score]])/1000000000) -> 9.0000002 | O24: 46091
G25: =IFERROR(Table5[[#This Row],[Full name]],"") -> Rohan Mandi | H25: =_xlfn.RANK.EQ(AllTime1[[#This Row],[All-time score]],AllTime1[All-time score],0) -> 87 | I25: =_xlfn.XLOOKUP(AllTime1[[#This Row],[Name]],Table16[Name],Table16[Totals],"Error",0,1) -> 18 | J25: =IF(ISNUMBER(AllTime1[[#This Row],[All-time rank]]), AllTime1[[#This Row],[All-time rank]] + ROW(AllTime1[[#This Row],[All-time rank]])/100000, 99999 + ROW(AllTime1[[#This Row],[All-time rank]])/100000) -> 87.00025 | K25: =IF(ISNUMBER(AllTime1[[#This Row],[All-time score]]), AllTime1[[#This Row],[All-time score]] + ROW(AllTime1[[#This Row],[All-time score]])/100000000, 0 + ROW(AllTime1[[#This Row],[All-time score]])/1000000000) -> 18 | O25: 46093
G26: =IFERROR(Table5[[#This Row],[Full name]],"") -> Ethan Kim | H26: =_xlfn.RANK.EQ(AllTime1[[#This Row],[All-time score]],AllTime1[All-time score],0) -> 248 | I26: =_xlfn.XLOOKUP(AllTime1[[#This Row],[Name]],Table16[Name],Table16[Totals],"Error",0,1) -> 1 | J26: =IF(ISNUMBER(AllTime1[[#This Row],[All-time rank]]), AllTime1[[#This Row],[All-time rank]] + ROW(AllTime1[[#This Row],[All-time rank]])/100000, 99999 + ROW(AllTime1[[#This Row],[All-time rank]])/100000) -> 248.00026 | K26: =IF(ISNUMBER(AllTime1[[#This Row],[All-time score]]), AllTime1[[#This Row],[All-time score]] + ROW(AllTime1[[#This Row],[All-time score]])/100000000, 0 + ROW(AllTime1[[#This Row],[All-time score]])/1000000000) -> 1.0000003 | O26: 46098
G27: =IFERROR(Table5[[#This Row],[Full name]],"") -> Kyler See | H27: =_xlfn.RANK.EQ(AllTime1[[#This Row],[All-time score]],AllTime1[All-time score],0) -> 198 | I27: =_xlfn.XLOOKUP(AllTime1[[#This Row],[Name]],Table16[Name],Table16[Totals],"Error",0,1) -> 3 | J27: =IF(ISNUMBER(AllTime1[[#This Row],[All-time rank]]), AllTime1[[#This Row],[All-time rank]] + ROW(AllTime1[[#This Row],[All-time rank]])/100000, 99999 + ROW(AllTime1[[#This Row],[All-time rank]])/100000) -> 198.00027 | K27: =IF(ISNUMBER(AllTime1[[#This Row],[All-time score]]), AllTime1[[#This Row],[All-time score]] + ROW(AllTime1[[#This Row],[All-time score]])/100000000, 0 + ROW(AllTime1[[#This Row],[All-time score]])/1000000000) -> 3.0000003 | O27: 46100
G28: =IFERROR(Table5[[#This Row],[Full name]],"") -> Aaron Kara | H28: =_xlfn.RANK.EQ(AllTime1[[#This Row],[All-time score]],AllTime1[All-time score],0) -> 159 | I28: =_xlfn.XLOOKUP(AllTime1[[#This Row],[Name]],Table16[Name],Table16[Totals],"Error",0,1) -> 6 | J28: =IF(ISNUMBER(AllTime1[[#This Row],[All-time rank]]), AllTime1[[#This Row],[All-time rank]] + ROW(AllTime1[[#This Row],[All-time rank]])/100000, 99999 + ROW(AllTime1[[#This Row],[All-time rank]])/100000) -> 159.00028 | K28: =IF(ISNUMBER(AllTime1[[#This Row],[All-time score]]), AllTime1[[#This Row],[All-time score]] + ROW(AllTime1[[#This Row],[All-time score]])/100000000, 0 + ROW(AllTime1[[#This Row],[All-time score]])/1000000000) -> 6.0000003 | O28: 46105
G29: =IFERROR(Table5[[#This Row],[Full name]],"") -> Aiden Ko | H29: =_xlfn.RANK.EQ(AllTime1[[#This Row],[All-time score]],AllTime1[All-time score],0) -> 300 | I29: =_xlfn.XLOOKUP(AllTime1[[#This Row],[Name]],Table16[Name],Table16[Totals],"Error",0,1) -> 0 | J29: =IF(ISNUMBER(AllTime1[[#This Row],[All-time rank]]), AllTime1[[#This Row],[All-time rank]] + ROW(AllTime1[[#This Row],[All-time rank]])/100000, 99999 + ROW(AllTime1[[#This Row],[All-time rank]])/100000) -> 300.00029 | K29: =IF(ISNUMBER(AllTime1[[#This Row],[All-time score]]), AllTime1[[#This Row],[All-time score]] + ROW(AllTime1[[#This Row],[All-time score]])/100000000, 0 + ROW(AllTime1[[#This Row],[All-time score]])/1000000000) -> 2.9e-07 | O29: 46107
G30: =IFERROR(Table5[[#This Row],[Full name]],"") -> Allen Liu | H30: =_xlfn.RANK.EQ(AllTime1[[#This Row],[All-time score]],AllTime1[All-time score],0) -> 57 | I30: =_xlfn.XLOOKUP(AllTime1[[#This Row],[Name]],Table16[Name],Table16[Totals],"Error",0,1) -> 28 | J30: =IF(ISNUMBER(AllTime1[[#This Row],[All-time rank]]), AllTime1[[#This Row],[All-time rank]] + ROW(AllTime1[[#This Row],[All-time rank]])/100000, 99999 + ROW(AllTime1[[#This Row],[All-time rank]])/100000) -> 57.0003 | K30: =IF(ISNUMBER(AllTime1[[#This Row],[All-time score]]), AllTime1[[#This Row],[All-time score]] + ROW(AllTime1[[#This Row],[All-time score]])/100000000, 0 + ROW(AllTime1[[#This Row],[All-time score]])/1000000000) -> 28 | O30: 46112
G31: =IFERROR(Table5[[#This Row],[Full name]],"") -> Aman Bains | H31: =_xlfn.RANK.EQ(AllTime1[[#This Row],[All-time score]],AllTime1[All-time score],0) -> 300 | I31: =_xlfn.XLOOKUP(AllTime1[[#This Row],[Name]],Table16[Name],Table16[Totals],"Error",0,1) -> 0 | J31: =IF(ISNUMBER(AllTime1[[#This Row],[All-time rank]]), AllTime1[[#This Row],[All-time rank]] + ROW(AllTime1[[#This Row],[All-time rank]])/100000, 99999 + ROW(AllTime1[[#This Row],[All-time rank]])/100000) -> 300.00031 | K31: =IF(ISNUMBER(AllTime1[[#This Row],[All-time score]]), AllTime1[[#This Row],[All-time score]] + ROW(AllTime1[[#This Row],[All-time score]])/100000000, 0 + ROW(AllTime1[[#This Row],[All-time score]])/1000000000) -> 3.1e-07 | O31: 46114
G32: =IFERROR(Table5[[#This Row],[Full name]],"") -> Anna Yu | H32: =_xlfn.RANK.EQ(AllTime1[[#This Row],[All-time score]],AllTime1[All-time score],0) -> 55 | I32: =_xlfn.XLOOKUP(AllTime1[[#This Row],[Name]],Table16[Name],Table16[Totals],"Error",0,1) -> 29 | J32: =IF(ISNUMBER(AllTime1[[#This Row],[All-time rank]]), AllTime1[[#This Row],[All-time rank]] + ROW(AllTime1[[#This Row],[All-time rank]])/100000, 99999 + ROW(AllTime1[[#This Row],[All-time rank]])/100000) -> 55.00032 | K32: =IF(ISNUMBER(AllTime1[[#This Row],[All-time score]]), AllTime1[[#This Row],[All-time score]] + ROW(AllTime1[[#This Row],[All-time score]])/100000000, 0 + ROW(AllTime1[[#This Row],[All-time score]])/1000000000) -> 29 | O32: 46119
G33: =IFERROR(Table5[[#This Row],[Full name]],"") -> Carson Cull | H33: =_xlfn.RANK.EQ(AllTime1[[#This Row],[All-time score]],AllTime1[All-time score],0) -> 100 | I33: =_xlfn.XLOOKUP(AllTime1[[#This Row],[Name]],Table16[Name],Table16[Totals],"Error",0,1) -> 15 | J33: =IF(ISNUMBER(AllTime1[[#This Row],[All-time rank]]), AllTime1[[#This Row],[All-time rank]] + ROW(AllTime1[[#This Row],[All-time rank]])/100000, 99999 + ROW(AllTime1[[#This Row],[All-time rank]])/100000) -> 100.00033 | K33: =IF(ISNUMBER(AllTime1[[#This Row],[All-time score]]), AllTime1[[#This Row],[All-time score]] + ROW(AllTime1[[#This Row],[All-time score]])/100000000, 0 + ROW(AllTime1[[#This Row],[All-time score]])/1000000000) -> 15 | O33: 46121
G34: =IFERROR(Table5[[#This Row],[Full name]],"") -> Cole Eisen | H34: =_xlfn.RANK.EQ(AllTime1[[#This Row],[All-time score]],AllTime1[All-time score],0) -> 159 | I34: =_xlfn.XLOOKUP(AllTime1[[#This Row],[Name]],Table16[Name],Table16[Totals],"Error",0,1) -> 6 | J34: =IF(ISNUMBER(AllTime1[[#This Row],[All-time rank]]), AllTime1[[#This Row],[All-time rank]] + ROW(AllTime1[[#This Row],[All-time rank]])/100000, 99999 + ROW(AllTime1[[#This Row],[All-time rank]])/100000) -> 159.00034 | K34: =IF(ISNUMBER(AllTime1[[#This Row],[All-time score]]), AllTime1[[#This Row],[All-time score]] + ROW(AllTime1[[#This Row],[All-time score]])/100000000, 0 + ROW(AllTime1[[#This Row],[All-time score]])/1000000000) -> 6.0000003
G35: =IFERROR(Table5[[#This Row],[Full name]],"") -> Cole Korchinski | H35: =_xlfn.RANK.EQ(AllTime1[[#This Row],[All-time score]],AllTime1[All-time score],0) -> 154 | I35: =_xlfn.XLOOKUP(AllTime1[[#This Row],[Name]],Table16[Name],Table16[Totals],"Error",0,1) -> 8 | J35: =IF(ISNUMBER(AllTime1[[#This Row],[All-time rank]]), AllTime1[[#This Row],[All-time rank]] + ROW(AllTime1[[#This Row],[All-time rank]])/100000, 99999 + ROW(AllTime1[[#This Row],[All-time rank]])/100000) -> 154.00035 | K35: =IF(ISNUMBER(AllTime1[[#This Row],[All-time score]]), AllTime1[[#This Row],[All-time score]] + ROW(AllTime1[[#This Row],[All-time score]])/100000000, 0 + ROW(AllTime1[[#This Row],[All-time score]])/1000000000) -> 8.0000004
G36: =IFERROR(Table5[[#This Row],[Full name]],"") -> Damon Deng | H36: =_xlfn.RANK.EQ(AllTime1[[#This Row],[All-time score]],AllTime1[All-time score],0) -> 57 | I36: =_xlfn.XLOOKUP(AllTime1[[#This Row],[Name]],Table16[Name],Table16[Totals],"Error",0,1) -> 28 | J36: =IF(ISNUMBER(AllTime1[[#This Row],[All-time rank]]), AllTime1[[#This Row],[All-time rank]] + ROW(AllTime1[[#This Row],[All-time rank]])/100000, 99999 + ROW(AllTime1[[#This Row],[All-time rank]])/100000) -> 57.00036 | K36: =IF(ISNUMBER(AllTime1[[#This Row],[All-time score]]), AllTime1[[#This Row],[All-time score]] + ROW(AllTime1[[#This Row],[All-time score]])/100000000, 0 + ROW(AllTime1[[#This Row],[All-time score]])/1000000000) -> 28
G37: =IFERROR(Table5[[#This Row],[Full name]],"") -> Daniel Dillabough | H37: =_xlfn.RANK.EQ(AllTime1[[#This Row],[All-time score]],AllTime1[All-time score],0) -> 113 | I37: =_xlfn.XLOOKUP(AllTime1[[#This Row],[Name]],Table16[Name],Table16[Totals],"Error",0,1) -> 13 | J37: =IF(ISNUMBER(AllTime1[[#This Row],[All-time rank]]), AllTime1[[#This Row],[All-time rank]] + ROW(AllTime1[[#This Row],[All-time rank]])/100000, 99999 + ROW(AllTime1[[#This Row],[All-time rank]])/100000) -> 113.00037 | K37: =IF(ISNUMBER(AllTime1[[#This Row],[All-time score]]), AllTime1[[#This Row],[All-time score]] + ROW(AllTime1[[#This Row],[All-time score]])/100000000, 0 + ROW(AllTime1[[#This Row],[All-time score]])/1000000000) -> 13
G38: =IFERROR(Table5[[#This Row],[Full name]],"") -> Darren Poku | H38: =_xlfn.RANK.EQ(AllTime1[[#This Row],[All-time score]],AllTime1[All-time score],0) -> 107 | I38: =_xlfn.XLOOKUP(AllTime1[[#This Row],[Name]],Table16[Name],Table16[Totals],"Error",0,1) -> 14 | J38: =IF(ISNUMBER(AllTime1[[#This Row],[All-time rank]]), AllTime1[[#This Row],[All-time rank]] + ROW(AllTime1[[#This Row],[All-time rank]])/100000, 99999 + ROW(AllTime1[[#This Row],[All-time rank]])/100000) -> 107.00038 | K38: =IF(ISNUMBER(AllTime1[[#This Row],[All-time score]]), AllTime1[[#This Row],[All-time score]] + ROW(AllTime1[[#This Row],[All-time score]])/100000000, 0 + ROW(AllTime1[[#This Row],[All-time score]])/1000000000) -> 14
G39: =IFERROR(Table5[[#This Row],[Full name]],"") -> Dikang Fu | H39: =_xlfn.RANK.EQ(AllTime1[[#This Row],[All-time score]],AllTime1[All-time score],0) -> 30 | I39: =_xlfn.XLOOKUP(AllTime1[[#This Row],[Name]],Table16[Name],Table16[Totals],"Error",0,1) -> 50 | J39: =IF(ISNUMBER(AllTime1[[#This Row],[All-time rank]]), AllTime1[[#This Row],[All-time rank]] + ROW(AllTime1[[#This Row],[All-time rank]])/100000, 99999 + ROW(AllTime1[[#This Row],[All-time rank]])/100000) -> 30.00039 | K39: =IF(ISNUMBER(AllTime1[[#This Row],[All-time score]]), AllTime1[[#This Row],[All-time score]] + ROW(AllTime1[[#This Row],[All-time score]])/100000000, 0 + ROW(AllTime1[[#This Row],[All-time score]])/1000000000) -> 50
G40: =IFERROR(Table5[[#This Row],[Full name]],"") -> Elliott Beames | H40: =_xlfn.RANK.EQ(AllTime1[[#This Row],[All-time score]],AllTime1[All-time score],0) -> 6 | I40: =_xlfn.XLOOKUP(AllTime1[[#This Row],[Name]],Table16[Name],Table16[Totals],"Error",0,1) -> 94 | J40: =IF(ISNUMBER(AllTime1[[#This Row],[All-time rank]]), AllTime1[[#This Row],[All-time rank]] + ROW(AllTime1[[#This Row],[All-time rank]])/100000, 99999 + ROW(AllTime1[[#This Row],[All-time rank]])/100000) -> 6.0004 | K40: =IF(ISNUMBER(AllTime1[[#This Row],[All-time score]]), AllTime1[[#This Row],[All-time score]] + ROW(AllTime1[[#This Row],[All-time score]])/100000000, 0 + ROW(AllTime1[[#This Row],[All-time score]])/1000000000) -> 94
G41: =IFERROR(Table5[[#This Row],[Full name]],"") -> Emma Sproxton | H41: =_xlfn.RANK.EQ(AllTime1[[#This Row],[All-time score]],AllTime1[All-time score],0) -> 37 | I41: =_xlfn.XLOOKUP(AllTime1[[#This Row],[Name]],Table16[Name],Table16[Totals],"Error",0,1) -> 39 | J41: =IF(ISNUMBER(AllTime1[[#This Row],[All-time rank]]), AllTime1[[#This Row],[All-time rank]] + ROW(AllTime1[[#This Row],[All-time rank]])/100000, 99999 + ROW(AllTime1[[#This Row],[All-time rank]])/100000) -> 37.00041 | K41: =IF(ISNUMBER(AllTime1[[#This Row],[All-time score]]), AllTime1[[#This Row],[All-time score]] + ROW(AllTime1[[#This Row],[All-time score]])/100000000, 0 + ROW(AllTime1[[#This Row],[All-time score]])/1000000000) -> 39
G42: =IFERROR(Table5[[#This Row],[Full name]],"") -> Forrest Hermary | H42: =_xlfn.RANK.EQ(AllTime1[[#This Row],[All-time score]],AllTime1[All-time score],0) -> 107 | I42: =_xlfn.XLOOKUP(AllTime1[[#This Row],[Name]],Table16[Name],Table16[Totals],"Error",0,1) -> 14 | J42: =IF(ISNUMBER(AllTime1[[#This Row],[All-time rank]]), AllTime1[[#This Row],[All-time rank]] + ROW(AllTime1[[#This Row],[All-time rank]])/100000, 99999 + ROW(AllTime1[[#This Row],[All-time rank]])/100000) -> 107.00042 | K42: =IF(ISNUMBER(AllTime1[[#This Row],[All-time score]]), AllTime1[[#This Row],[All-time score]] + ROW(AllTime1[[#This Row],[All-time score]])/100000000, 0 + ROW(AllTime1[[#This Row],[All-time score]])/1000000000) -> 14
G43: =IFERROR(Table5[[#This Row],[Full name]],"") -> Hao Bai | H43: =_xlfn.RANK.EQ(AllTime1[[#This Row],[All-time score]],AllTime1[All-time score],0) -> 136 | I43: =_xlfn.XLOOKUP(AllTime1[[#This Row],[Name]],Table16[Name],Table16[Totals],"Error",0,1) -> 10 | J43: =IF(ISNUMBER(AllTime1[[#This Row],[All-time rank]]), AllTime1[[#This Row],[All-time rank]] + ROW(AllTime1[[#This Row],[All-time rank]])/100000, 99999 + ROW(AllTime1[[#This Row],[All-time rank]])/100000) -> 136.00043 | K43: =IF(ISNUMBER(AllTime1[[#This Row],[All-time score]]), AllTime1[[#This Row],[All-time score]] + ROW(AllTime1[[#This Row],[All-time score]])/100000000, 0 + ROW(AllTime1[[#This Row],[All-time score]])/1000000000) -> 10
G44: =IFERROR(Table5[[#This Row],[Full name]],"") -> Himaksh Talreja | H44: =_xlfn.RANK.EQ(AllTime1[[#This Row],[All-time score]],AllTime1[All-time score],0) -> 159 | I44: =_xlfn.XLOOKUP(AllTime1[[#This Row],[Name]],Table16[Name],Table16[Totals],"Error",0,1) -> 6 | J44: =IF(ISNUMBER(AllTime1[[#This Row],[All-time rank]]), AllTime1[[#This Row],[All-time rank]] + ROW(AllTime1[[#This Row],[All-time rank]])/100000, 99999 + ROW(AllTime1[[#This Row],[All-time rank]])/100000) -> 159.00044 | K44: =IF(ISNUMBER(AllTime1[[#This Row],[All-time score]]), AllTime1[[#This Row],[All-time score]] + ROW(AllTime1[[#This Row],[All-time score]])/100000000, 0 + ROW(AllTime1[[#This Row],[All-time score]])/1000000000) -> 6.0000004
G45: =IFERROR(Table5[[#This Row],[Full name]],"") -> James Kilfoil | H45: =_xlfn.RANK.EQ(AllTime1[[#This Row],[All-time score]],AllTime1[All-time score],0) -> 113 | I45: =_xlfn.XLOOKUP(AllTime1[[#This Row],[Name]],Table16[Name],Table16[Totals],"Error",0,1) -> 13 | J45: =IF(ISNUMBER(AllTime1[[#This Row],[All-time rank]]), AllTime1[[#This Row],[All-time rank]] + ROW(AllTime1[[#This Row],[All-time rank]])/100000, 99999 + ROW(AllTime1[[#This Row],[All-time rank]])/100000) -> 113.00045 | K45: =IF(ISNUMBER(AllTime1[[#This Row],[All-time score]]), AllTime1[[#This Row],[All-time score]] + ROW(AllTime1[[#This Row],[All-time score]])/100000000, 0 + ROW(AllTime1[[#This Row],[All-time score]])/1000000000) -> 13
... G600: =IFERROR(Table5[[#This Row],[Full name]],"") | H600: =_xlfn.RANK.EQ(AllTime1[[#This Row],[All-time score]],AllTime1[All-time score],0) -> 300 | I600: =_xlfn.XLOOKUP(AllTime1[[#This Row],[Name]],Table16[Name],Table16[Totals],"Error",0,1) -> 0 | J600: =IF(ISNUMBER(AllTime1[[#This Row],[All-time rank]]), AllTime1[[#This Row],[All-time rank]] + ROW(AllTime1[[#This Row],[All-time rank]])/100000, 99999 + ROW(AllTime1[[#This Row],[All-time rank]])/100000) -> 300.006 | K600: =IF(ISNUMBER(AllTime1[[#This Row],[All-time score]]), AllTime1[[#This Row],[All-time score]] + ROW(AllTime1[[#This Row],[All-time score]])/100000000, 0 + ROW(AllTime1[[#This Row],[All-time score]])/1000000000) -> 6e-06

Sheet Weekly Attendance
B1: Do not sort this table
G3: Tournament # | H3: Tournament 1 | I3: Tournament 2 | J3: Tournament 3 | K3: Tournament 4 | L3: Tournament 5 | M3: Tournament 6 | N3: Tournament 7 | O3: Tournament 8 | P3: Tournament 9 | Q3: Tournament 10 | R3: Tournament 11 | S3: Tournament 12 | T3: Tournament 13 | U3: Tournament 14 | V3: Tournament 15 | W3: Tournament 16 | X3: Tournament 17 | Y3: Tournament 18 | Z3: Tournament 19 | AA3: Tournament 20 | AB3: Tournament 21 | AC3: Tournament 22 | AD3: Tournament 23 | AE3: Tournament 24 | AF3: Tournament 25 | AG3: Tournament 26 | AH3: Tournament 27 | AI3: Tournament 28 | AJ3: Tournament 29
B4: DO NOT SORT | D4: =COUNTA(Table5[Full name]) -> 350 | G4: List size at start: | H4: 146 | I4: 198 | J4: 221 | K4: 244 | L4: 255 | M4: 266 | N4: 272 | O4: 280 | P4: 287 | Q4: 299 | R4: 303 | S4: 318 | T4: 327 | AA4: 349
B5: First name | C5: Last name | D5: Full name | E5: Player Type | F5: Membership | G5: Attendance Rate | H5: September 30, 2025 | I5: October 2, 2025 | J5: October 9, 2025 | K5: October 14, 2025 | L5: October 23, 2025 | M5: October 28, 2025 | N5: November 13, 2025 | O5: November 18, 2025 | P5: November 27, 2025 | Q5: December 2, 2025 | R5: January 27, 2026 | S5: February 3, 2026 | T5: February 5, 2026 | U5: February 10, 2026 | V5: February 12, 2026 | W5: February 24, 2026 | X5: February 26, 2026 | Y5: March 3, 2026 | Z5: March 5, 2026 | AA5: March 10, 2026 | AB5: March 12, 2026 | AC5: March 17, 2026 | AD5: March 19, 2026 | AE5: March 24, 2026 | AF5: March 26, 2026 | AG5: March 31, 2026 | AH5: April 2, 2026 | AI5: April 7, 2026 | AJ5: April 9, 2026
B6: David | C6: Ribkoff | D6: =Table5[[#This Row],[First name]]&" "&Table5[[#This Row],[Last name]] -> David Ribkoff | E6: =_xlfn.XLOOKUP(Table5[[#This Row],[Full name]],Table26[Name],Table26[Role],"Member",0,1) -> President | F6: Verified | G6: {=COUNTIF(Table5[[#This Row],[September 30, 2025]:[April 7, 2026]],"Yes")/SUMPRODUCT(--(DATEVALUE(Table5[[#Headers],[September 30, 2025]:[April 9, 2026]])<=TODAY()))} -> 0.4 | H6: No | I6: No | J6: Yes | K6: No | L6: Yes | M6: Yes | N6: Yes | O6: No | P6: No | Q6: Yes | R6: Yes | S6: No | T6: No | U6: Yes | V6: No | W6: No | X6: Yes | Y6: No | Z6: No | AA6: No | AB6: No | AC6: No | AD6: No | AE6: No | AF6: No | AG6: No | AH6: No | AI6: No | AJ6: No
B7: Ryan | C7: Chen | D7: =Table5[[#This Row],[First name]]&" "&Table5[[#This Row],[Last name]] -> Ryan Chen | E7: =_xlfn.XLOOKUP(Table5[[#This Row],[Full name]],Table26[Name],Table26[Role],"Member",0,1) -> VP Comms | F7: Verified | G7: {=COUNTIF(Table5[[#This Row],[September 30, 2025]:[April 7, 2026]],"Yes")/SUMPRODUCT(--(DATEVALUE(Table5[[#Headers],[September 30, 2025]:[April 9, 2026]])<=TODAY()))} -> 0.7 | H7: Yes | I7: Yes | J7: Yes | K7: No | L7: Yes | M7: Yes | N7: Yes | O7: Yes | P7: No | Q7: Yes | R7: Yes | S7: Yes | T7: Yes | U7: No | V7: No | W7: Yes | X7: No | Y7: Yes | Z7: Yes | AA7: No | AB7: No | AC7: No | AD7: No | AE7: No | AF7: No | AG7: No | AH7: No | AI7: No | AJ7: No
B8: Myles | C8: MacPherson | D8: =Table5[[#This Row],[First name]]&" "&Table5[[#This Row],[Last name]] -> Myles MacPherson | E8: =_xlfn.XLOOKUP(Table5[[#This Row],[Full name]],Table26[Name],Table26[Role],"Member",0,1) -> VP Events | F8: Verified | G8: {=COUNTIF(Table5[[#This Row],[September 30, 2025]:[April 7, 2026]],"Yes")/SUMPRODUCT(--(DATEVALUE(Table5[[#Headers],[September 30, 2025]:[April 9, 2026]])<=TODAY()))} -> 0.2 | H8: No | I8: No | J8: No | K8: No | L8: No | M8: No | N8: No | O8: No | P8: Yes | Q8: Yes | R8: No | S8: No | T8: No | U8: Yes | V8: No | W8: No | X8: No | Y8: Yes | Z8: No | AA8: No | AB8: No | AC8: No | AD8: No | AE8: No | AF8: No | AG8: No | AH8: No | AI8: No | AJ8: No
B9: Tyler | C9: Mah | D9: =Table5[[#This Row],[First name]]&" "&Table5[[#This Row],[Last name]] -> Tyler Mah | E9: =_xlfn.XLOOKUP(Table5[[#This Row],[Full name]],Table26[Name],Table26[Role],"Member",0,1) -> VP External | F9: Verified | G9: {=COUNTIF(Table5[[#This Row],[September 30, 2025]:[April 7, 2026]],"Yes")/SUMPRODUCT(--(DATEVALUE(Table5[[#Headers],[September 30, 2025]:[April 9, 2026]])<=TODAY()))} -> 0.25 | H9: Yes | I9: Yes | J9: No | K9: No | L9: No | M9: No | N9: Yes | O9: No | P9: No | Q9: No | R9: Yes | S9: No | T9: No | U9: No | V9: No | W9: No | X9: No | Y9: No | Z9: No | AA9: Yes | AB9: No | AC9: No | AD9: No | AE9: No | AF9: No | AG9: No | AH9: No | AI9: No | AJ9: No
B10: Nathan | C10: Fenske | D10: =Table5[[#This Row],[First name]]&" "&Table5[[#This Row],[Last name]] -> Nathan Fenske | E10: =_xlfn.XLOOKUP(Table5[[#This Row],[Full name]],Table26[Name],Table26[Role],"Member",0,1) -> VP Finance | F10: Verified | G10: {=COUNTIF(Table5[[#This Row],[September 30, 2025]:[April 7, 2026]],"Yes")/SUMPRODUCT(--(DATEVALUE(Table5[[#Headers],[September 30, 2025]:[April 9, 2026]])<=TODAY()))} -> 0.1 | H10: No | I10: No | J10: No | K10: Yes | L10: No | M10: No | N10: No | O10: No | P10: No | Q10: Yes | R10: No | S10: No | T10: No | U10: No | V10: No | W10: No | X10: No | Y10: No | Z10: No | AA10: No | AB10: No | AC10: No | AD10: No | AE10: No | AF10: No | AG10: No | AH10: No | AI10: No | AJ10: No
B11: Jackie | C11: Cai | D11: =Table5[[#This Row],[First name]]&" "&Table5[[#This Row],[Last name]] -> Jackie Cai | E11: =_xlfn.XLOOKUP(Table5[[#This Row],[Full name]],Table26[Name],Table26[Role],"Member",0,1) -> VP Projects | F11: Verified | G11: {=COUNTIF(Table5[[#This Row],[September 30, 2025]:[April 7, 2026]],"Yes")/SUMPRODUCT(--(DATEVALUE(Table5[[#Headers],[September 30, 2025]:[April 9, 2026]])<=TODAY()))} -> 0.3 | H11: Yes | I11: No | J11: No | K11: No | L11: No | M11: No | N11: Yes | O11: No | P11: Yes | Q11: No | R11: Yes | S11: No | T11: Yes | U11: No | V11: No | W11: No | X11: No | Y11: Yes | Z11: No | AA11: No | AB11: No | AC11: No | AD11: No | AE11: No | AF11: No | AG11: No | AH11: No | AI11: No | AJ11: No
B12: Edward | C12: Dong | D12: =Table5[[#This Row],[First name]]&" "&Table5[[#This Row],[Last name]] -> Edward Dong | E12: =_xlfn.XLOOKUP(Table5[[#This Row],[Full name]],Table26[Name],Table26[Role],"Member",0,1) -> Director of Events | F12: Verified | G12: {=COUNTIF(Table5[[#This Row],[September 30, 2025]:[April 7, 2026]],"Yes")/SUMPRODUCT(--(DATEVALUE(Table5[[#Headers],[September 30, 2025]:[April 9, 2026]])<=TODAY()))} -> 0.4 | H12: Yes | I12: Yes | J12: No | K12: Yes | L12: No | M12: No | N12: Yes | O12: Yes | P12: Yes | Q12: Yes | R12: No | S12: No | T12: No | U12: No | V12: No | W12: No | X12: No | Y12: No | Z12: No | AA12: Yes | AB12: No | AC12: No | AD12: No | AE12: No | AF12: No | AG12: No | AH12: No | AI12: No | AJ12: No
B13: Kaden | C13: Ali | D13: =Table5[[#This Row],[First name]]&" "&Table5[[#This Row],[Last name]] -> Kaden Ali | E13: =_xlfn.XLOOKUP(Table5[[#This Row],[Full name]],Table26[Name],Table26[Role],"Member",0,1) -> Director of Events | F13: Verified | G13: {=COUNTIF(Table5[[#This Row],[September 30, 2025]:[April 7, 2026]],"Yes")/SUMPRODUCT(--(DATEVALUE(Table5[[#Headers],[September 30, 2025]:[April 9, 2026]])<=TODAY()))} -> 0.35 | H13: Yes | I13: No | J13: No | K13: No | L13: Yes | M13: Yes | N13: Yes | O13: Yes | P13: No | Q13: Yes | R13: No | S13: No | T13: No | U13: No | V13: No | W13: Yes | X13: No | Y13: No | Z13: No | AA13: No | AB13: No | AC13: No | AD13: No | AE13: No | AF13: No | AG13: No | AH13: No | AI13: No | AJ13: No
B14: Matthew | C14: Barclay | D14: =Table5[[#This Row],[First name]]&" "&Table5[[#This Row],[Last name]] -> Matthew Barclay | E14: =_xlfn.XLOOKUP(Table5[[#This Row],[Full name]],Table26[Name],Table26[Role],"Member",0,1) -> Director of Events | F14: Verified | G14: {=COUNTIF(Table5[[#This Row],[September 30, 2025]:[April 7, 2026]],"Yes")/SUMPRODUCT(--(DATEVALUE(Table5[[#Headers],[September 30, 2025]:[April 9, 2026]])<=TODAY()))} -> 0.75 | H14: No | I14: Yes | J14: No | K14: Yes | L14: No | M14: Yes | N14: Yes | O14: Yes | P14: Yes | Q14: Yes | R14: Yes | S14: No | T14: Yes | U14: Yes | V14: Yes | W14: Yes | X14: Yes | Y14: Yes | Z14: Yes | AA14: No | AB14: No | AC14: No | AD14: No | AE14: No | AF14: No | AG14: No | AH14: No | AI14: No | AJ14: No
B15: Pavel | C15: Zykmund | D15: =Table5[[#This Row],[First name]]&" "&Table5[[#This Row],[Last name]] -> Pavel Zykmund | E15: =_xlfn.XLOOKUP(Table5[[#This Row],[Full name]],Table26[Name],Table26[Role],"Member",0,1) -> Director of Events | F15: Verified | G15: {=COUNTIF(Table5[[#This Row],[September 30, 2025]:[April 7, 2026]],"Yes")/SUMPRODUCT(--(DATEVALUE(Table5[[#Headers],[September 30, 2025]:[April 9, 2026]])<=TODAY()))} -> 0.35 | H15: Yes | I15: Yes | J15: No | K15: Yes | L15: Yes | M15: No | N15: No | O15: No | P15: No | Q15: Yes | R15: Yes | S15: No | T15: No | U15: No | V15: No | W15: No | X15: No | Y15: Yes | Z15: No | AA15: No | AB15: No | AC15: No | AD15: No | AE15: No | AF15: No | AG15: No | AH15: No | AI15: No | AJ15: No
B16: Rita | C16: Shweihat | D16: =Table5[[#This Row],[First name]]&" "&Table5[[#This Row],[Last name]] -> Rita Shweihat | E16: =_xlfn.XLOOKUP(Table5[[#This Row],[Full name]],Table26[Name],Table26[Role],"Member",0,1) -> Director of Events | F16: Verified | G16: {=COUNTIF(Table5[[#This Row],[September 30, 2025]:[April 7, 2026]],"Yes")/SUMPRODUCT(--(DATEVALUE(Table5[[#Headers],[September 30, 2025]:[April 9, 2026]])<=TODAY()))} -> 0.55 | H16: Yes | I16: No | J16: No | K16: Yes | L16: Yes | M16: Yes | N16: Yes | O16: Yes | P16: Yes | Q16: Yes | R16: Yes | S16: No | T16: No | U16: No | V16: No | W16: Yes | X16: No | Y16: Yes | Z16: No | AA16: No | AB16: No | AC16: No | AD16: No | AE16: No | AF16: No | AG16: No | AH16: No | AI16: No | AJ16: No
B17: Sam | C17: Ahn | D17: =Table5[[#This Row],[First name]]&" "&Table5[[#This Row],[Last name]] -> Sam Ahn | E17: =_xlfn.XLOOKUP(Table5[[#This Row],[Full name]],Table26[Name],Table26[Role],"Member",0,1) -> Director of Events | F17: Verified | G17: {=COUNTIF(Table5[[#This Row],[September 30, 2025]:[April 7, 2026]],"Yes")/SUMPRODUCT(--(DATEVALUE(Table5[[#Headers],[September 30, 2025]:[April 9, 2026]])<=TODAY()))} -> 1 | H17: Yes | I17: Yes | J17: Yes | K17: Yes | L17: Yes | M17: Yes | N17: Yes | O17: Yes | P17: Yes | Q17: Yes | R17: Yes | S17: Yes | T17: Yes | U17: Yes | V17: Yes | W17: Yes | X17: Yes | Y17: Yes | Z17: Yes | AA17: Yes | AB17: No | AC17: No | AD17: No | AE17: No | AF17: No | AG17: No | AH17: No | AI17: No | AJ17: No
B18: Aidan | C18: Kwong | D18: =Table5[[#This Row],[First name]]&" "&Table5[[#This Row],[Last name]] -> Aidan Kwong | E18: =_xlfn.XLOOKUP(Table5[[#This Row],[Full name]],Table26[Name],Table26[Role],"Member",0,1) -> Director of Finance | F18: Verified | G18: {=COUNTIF(Table5[[#This Row],[September 30, 2025]:[April 7, 2026]],"Yes")/SUMPRODUCT(--(DATEVALUE(Table5[[#Headers],[September 30, 2025]:[April 9, 2026]])<=TODAY()))} -> 0.75 | H18: Yes | I18: Yes | J18: Yes | K18: Yes | L18: No | M18: No | N18: Yes | O18: Yes | P18: Yes | Q18: Yes | R18: Yes | S18: Yes | T18: Yes | U18: Yes | V18: Yes | W18: No | X18: Yes | Y18: Yes | Z18: No | AA18: No | AB18: No | AC18: No | AD18: No | AE18: No | AF18: No | AG18: No | AH18: No | AI18: No | AJ18: No
B19: Eduard | C19: Zavedei | D19: =Table5[[#This Row],[First name]]&" "&Table5[[#This Row],[Last name]] -> Eduard Zavedei | E19: =_xlfn.XLOOKUP(Table5[[#This Row],[Full name]],Table26[Name],Table26[Role],"Member",0,1) -> Director of Graphics | F19: Verified | G19: {=COUNTIF(Table5[[#This Row],[September 30, 2025]:[April 7, 2026]],"Yes")/SUMPRODUCT(--(DATEVALUE(Table5[[#Headers],[September 30, 2025]:[April 9, 2026]])<=TODAY()))} -> 0.1 | H19: No | I19: Yes | J19: Yes | K19: No | L19: No | M19: No | N19: No | O19: No | P19: No | Q19: No | R19: No | T19: No | U19: No | V19: No | W19: No | X19: No | Y19: No | Z19: No | AA19: No | AB19: No | AC19: No | AD19: No | AE19: No | AF19: No | AG19: No | AH19: No | AI19: No | AJ19: No
B20: Ohemaa | C20: Acheampong | D20: =Table5[[#This Row],[First name]]&" "&Table5[[#This Row],[Last name]] -> Ohemaa Acheampong | E20: =_xlfn.XLOOKUP(Table5[[#This Row],[Full name]],Table26[Name],Table26[Role],"Member",0,1) -> Director of Graphics | F20: Verified | G20: {=COUNTIF(Table5[[#This Row],[September 30, 2025]:[April 7, 2026]],"Yes")/SUMPRODUCT(--(DATEVALUE(Table5[[#Headers],[September 30, 2025]:[April 9, 2026]])<=TODAY()))} -> 0.05 | H20: No | I20: No | J20: No | K20: No | L20: No | M20: Yes | N20: No | O20: No | P20: No | Q20: No | R20: No | S20: No | T20: No | U20: No | V20: No | W20: No | X20: No | Y20: No | Z20: No | AA20: No | AB20: No | AC20: No | AD20: No | AE20: No | AF20: No | AG20: No | AH20: No | AI20: No | AJ20: No
B21: Ben | C21: Bulyovsky | D21: =Table5[[#This Row],[First name]]&" "&Table5[[#This Row],[Last name]] -> Ben Bulyovsky | E21: =_xlfn.XLOOKUP(Table5[[#This Row],[Full name]],Table26[Name],Table26[Role],"Member",0,1) -> Director of Productions | F21: Verified | G21: {=COUNTIF(Table5[[#This Row],[September 30, 2025]:[April 7, 2026]],"Yes")/SUMPRODUCT(--(DATEVALUE(Table5[[#Headers],[September 30, 2025]:[April 9, 2026]])<=TODAY()))} -> 0.15 | H21: Yes | I21: No | J21: No | K21: Yes | L21: Yes | M21: No | N21: No | O21: No | P21: No | Q21: No | R21: No | S21: No | T21: No | U21: No | V21: No | W21: No | X21: No | Y21: No | Z21: No | AA21: No | AB21: No | AC21: No | AD21: No | AE21: No | AF21: No | AG21: No | AH21: No | AI21: No | AJ21: No
B22: Brock | C22: Suidgeest | D22: =Table5[[#This Row],[First name]]&" "&Table5[[#This Row],[Last name]] -> Brock Suidgeest | E22: =_xlfn.XLOOKUP(Table5[[#This Row],[Full name]],Table26[Name],Table26[Role],"Member",0,1) -> Director of Projects | F22: Verified | G22: {=COUNTIF(Table5[[#This Row],[September 30, 2025]:[April 7, 2026]],"Yes")/SUMPRODUCT(--(DATEVALUE(Table5[[#Headers],[September 30, 2025]:[April 9, 2026]])<=TODAY()))} -> 0.15 | H22: No | I22: No | J22: No | K22: No | L22: No | M22: No | N22: No | O22: No | P22: Yes | Q22: No | R22: No | S22: Yes | T22: No | U22: No | V22: No | W22: No | X22: Yes | Y22: No | Z22: No | AA22: No | AB22: No | AC22: No | AD22: No | AE22: No | AF22: No | AG22: No | AH22: No | AI22: No | AJ22: No
B23: Cyrus | C23: Bechtold | D23: =Table5[[#This Row],[First name]]&" "&Table5[[#This Row],[Last name]] -> Cyrus Bechtold | E23: =_xlfn.XLOOKUP(Table5[[#This Row],[Full name]],Table26[Name],Table26[Role],"Member",0,1) -> Director of Projects | F23: Verified | G23: {=COUNTIF(Table5[[#This Row],[September 30, 2025]:[April 7, 2026]],"Yes")/SUMPRODUCT(--(DATEVALUE(Table5[[#Headers],[September 30, 2025]:[April 9, 2026]])<=TODAY()))} -> 0.5 | H23: No | I23: Yes | J23: Yes | K23: No | L23: No | M23: Yes | N23: No | O23: Yes | P23: No | Q23: No | R23: Yes | S23: Yes | T23: Yes | U23: No | V23: Yes | W23: No | X23: Yes | Y23: Yes | Z23: No | AA23: No | AB23: No | AC23: No | AD23: No | AE23: No | AF23: No | AG23: No | AH23: No | AI23: No | AJ23: No
B24: Jillian | C24: Ouyang | D24: =Table5[[#This Row],[First name]]&" "&Table5[[#This Row],[Last name]] -> Jillian Ouyang | E24: =_xlfn.XLOOKUP(Table5[[#This Row],[Full name]],Table26[Name],Table26[Role],"Member",0,1) -> Director of Projects | F24: Verified | G24: {=COUNTIF(Table5[[#This Row],[September 30, 2025]:[April 7, 2026]],"Yes")/SUMPRODUCT(--(DATEVALUE(Table5[[#Headers],[September 30, 2025]:[April 9, 2026]])<=TODAY()))} -> 0.3 | H24: Yes | I24: No | J24: Yes | K24: No | L24: Yes | M24: No | N24: No | O24: No | P24: No | Q24: Yes | R24: No | S24: Yes | T24: No | U24: Yes | V24: No | W24: No | X24: No | Y24: No | Z24: No | AA24: No | AB24: No | AC24: No | AD24: No | AE24: No | AF24: No | AG24: No | AH24: No | AI24: No | AJ24: No
B25: Rohan | C25: Mandi | D25: =Table5[[#This Row],[First name]]&" "&Table5[[#This Row],[Last name]] -> Rohan Mandi | E25: =_xlfn.XLOOKUP(Table5[[#This Row],[Full name]],Table26[Name],Table26[Role],"Member",0,1) -> Director of Projects | F25: Verified | G25: {=COUNTIF(Table5[[#This Row],[September 30, 2025]:[April 7, 2026]],"Yes")/SUMPRODUCT(--(DATEVALUE(Table5[[#Headers],[September 30, 2025]:[April 9, 2026]])<=TODAY()))} -> 0.45 | H25: No | I25: Yes | J25: No | K25: Yes | L25: No | M25: Yes | N25: No | O25: Yes | P25: No | Q25: Yes | R25: No | S25: No | T25: Yes | U25: Yes | V25: No | W25: No | X25: No | Y25: Yes | Z25: No | AA25: Yes | AB25: No | AC25: No | AD25: No | AE25: No | AF25: No | AG25: No | AH25: No | AI25: No | AJ25: No
B26: Ethan | C26: Kim | D26: =Table5[[#This Row],[First name]]&" "&Table5[[#This Row],[Last name]] -> Ethan Kim | E26: =_xlfn.XLOOKUP(Table5[[#This Row],[Full name]],Table26[Name],Table26[Role],"Member",0,1) -> Director of Sponsorships | F26: Verified | G26: {=COUNTIF(Table5[[#This Row],[September 30, 2025]:[April 7, 2026]],"Yes")/SUMPRODUCT(--(DATEVALUE(Table5[[#Headers],[September 30, 2025]:[April 9, 2026]])<=TODAY()))} -> 0.05 | N26: Yes | P26: No | Q26: No | R26: No | S26: No | T26: No | U26: No | V26: No | W26: No | X26: No | Y26: No | Z26: No | AA26: No | AB26: No | AC26: No | AD26: No | AE26: No | AF26: No | AG26: No | AH26: No | AI26: No | AJ26: No
B27: Kyler | C27: See | D27: =Table5[[#This Row],[First name]]&" "&Table5[[#This Row],[Last name]] -> Kyler See | E27: =_xlfn.XLOOKUP(Table5[[#This Row],[Full name]],Table26[Name],Table26[Role],"Member",0,1) -> Director of Sponsorships | F27: Verified | G27: {=COUNTIF(Table5[[#This Row],[September 30, 2025]:[April 7, 2026]],"Yes")/SUMPRODUCT(--(DATEVALUE(Table5[[#Headers],[September 30, 2025]:[April 9, 2026]])<=TODAY()))} -> 0.1 | H27: Yes | I27: No | J27: No | K27: No | L27: Yes | M27: No | N27: No | O27: No | P27: No | Q27: No | R27: No | S27: No | T27: No | U27: No | V27: No | W27: No | X27: No | Y27: No | Z27: No | AA27: No | AB27: No | AC27: No | AD27: No | AE27: No | AF27: No | AG27: No | AH27: No | AI27: No | AJ27: No
B28: Aaron | C28: Kara | D28: =Table5[[#This Row],[First name]]&" "&Table5[[#This Row],[Last name]] -> Aaron Kara | E28: =_xlfn.XLOOKUP(Table5[[#This Row],[Full name]],Table26[Name],Table26[Role],"Member",0,1) -> Executive | F28: Verified | G28: {=COUNTIF(Table5[[#This Row],[September 30, 2025]:[April 7, 2026]],"Yes")/SUMPRODUCT(--(DATEVALUE(Table5[[#Headers],[September 30, 2025]:[April 9, 2026]])<=TODAY()))} -> 0.15 | H28: Yes | I28: Yes | J28: Yes | K28: No | L28: No | M28: No | N28: No | O28: No | P28: No | Q28: No | R28: No | S28: No | T28: No | U28: No | V28: No | W28: No | X28: No | Y28: No | Z28: No | AA28: No | AB28: No | AC28: No | AD28: No | AE28: No | AF28: No | AG28: No | AH28: No | AI28: No | AJ28: No
B29: Aiden | C29: Ko | D29: =Table5[[#This Row],[First name]]&" "&Table5[[#This Row],[Last name]] -> Aiden Ko | E29: =_xlfn.XLOOKUP(Table5[[#This Row],[Full name]],Table26[Name],Table26[Role],"Member",0,1) -> Executive | F29: Verified | G29: {=COUNTIF(Table5[[#This Row],[September 30, 2025]:[April 7, 2026]],"Yes")/SUMPRODUCT(--(DATEVALUE(Table5[[#Headers],[September 30, 2025]:[April 9, 2026]])<=TODAY()))} -> 0 | H29: No | I29: No | J29: No | K29: No | L29: No | M29: No | N29: No | O29: No | P29: No | Q29: No | R29: No | S29: No | T29: No | U29: No | V29: No | W29: No | X29: No | Y29: No | Z29: No | AA29: No | AB29: No | AC29: No | AD29: No | AE29: No | AF29: No | AG29: No | AH29: No | AI29: No | AJ29: No
B30: Allen | C30: Liu | D30: =Table5[[#This Row],[First name]]&" "&Table5[[#This Row],[Last name]] -> Allen Liu | E30: =_xlfn.XLOOKUP(Table5[[#This Row],[Full name]],Table26[Name],Table26[Role],"Member",0,1) -> Executive | F30: Verified | G30: {=COUNTIF(Table5[[#This Row],[September 30, 2025]:[April 7, 2026]],"Yes")/SUMPRODUCT(--(DATEVALUE(Table5[[#Headers],[September 30, 2025]:[April 9, 2026]])<=TODAY()))} -> 0.45 | Q30: Yes | R30: Yes | S30: No | T30: Yes | U30: Yes | V30: Yes | W30: Yes | X30: Yes | Y30: Yes | Z30: No | AA30: Yes | AB30: No | AC30: No | AD30: No | AE30: No | AF30: No | AG30: No | AH30: No | AI30: No | AJ30: No
B31: Aman | C31: Bains | D31: =Table5[[#This Row],[First name]]&" "&Table5[[#This Row],[Last name]] -> Aman Bains | E31: =_xlfn.XLOOKUP(Table5[[#This Row],[Full name]],Table26[Name],Table26[Role],"Member",0,1) -> Executive | F31: Verified | G31: {=COUNTIF(Table5[[#This Row],[September 30, 2025]:[April 7, 2026]],"Yes")/SUMPRODUCT(--(DATEVALUE(Table5[[#Headers],[September 30, 2025]:[April 9, 2026]])<=TODAY()))} -> 0.05 | H31: Yes | I31: No | J31: No | K31: No | L31: No | M31: No | N31: No | O31: No | P31: No | Q31: No | R31: No | S31: No | T31: No | U31: No | V31: No | W31: No | X31: No | Y31: No | Z31: No | AA31: No | AB31: No | AC31: No | AD31: No | AE31: No | AF31: No | AG31: No | AH31: No | AI31: No | AJ31: No
B32: Anna | C32: Yu | D32: =Table5[[#This Row],[First name]]&" "&Table5[[#This Row],[Last name]] -> Anna Yu | E32: =_xlfn.XLOOKUP(Table5[[#This Row],[Full name]],Table26[Name],Table26[Role],"Member",0,1) -> Executive | F32: Verified | G32: {=COUNTIF(Table5[[#This Row],[September 30, 2025]:[April 7, 2026]],"Yes")/SUMPRODUCT(--(DATEVALUE(Table5[[#Headers],[September 30, 2025]:[April 9, 2026]])<=TODAY()))} -> 0.85 | H32: Yes | I32: Yes | J32: Yes | K32: Yes | L32: No | M32: Yes | N32: Yes | O32: Yes | P32: Yes | Q32: Yes | R32: Yes | S32: Yes | T32: Yes | U32: Yes | V32: Yes | W32: No | X32: No | Y32: Yes | Z32: Yes | AA32: Yes | AB32: No | AC32: No | AD32: No | AE32: No | AF32: No | AG32: No | AH32: No | AI32: No | AJ32: No
B33: Carson | C33: Cull | D33: =Table5[[#This Row],[First name]]&" "&Table5[[#This Row],[Last name]] -> Carson Cull | E33: =_xlfn.XLOOKUP(Table5[[#This Row],[Full name]],Table26[Name],Table26[Role],"Member",0,1) -> Executive | F33: Verified | G33: {=COUNTIF(Table5[[#This Row],[September 30, 2025]:[April 7, 2026]],"Yes")/SUMPRODUCT(--(DATEVALUE(Table5[[#Headers],[September 30, 2025]:[April 9, 2026]])<=TODAY()))} -> 0.45 | H33: No | I33: No | J33: Yes | K33: No | L33: No | M33: No | N33: Yes | O33: Yes | P33: Yes | Q33: Yes | R33: No | S33: Yes | T33: Yes | U33: No | V33: No | W33: No | X33: No | Y33: Yes | Z33: No | AA33: Yes | AB33: No | AC33: No | AD33: No | AE33: No | AF33: No | AG33: No | AH33: No | AI33: No | AJ33: No
B34: Cole | C34: Eisen | D34: =Table5[[#This Row],[First name]]&" "&Table5[[#This Row],[Last name]] -> Cole Eisen | E34: =_xlfn.XLOOKUP(Table5[[#This Row],[Full name]],Table26[Name],Table26[Role],"Member",0,1) -> Executive | F34: Verified | G34: {=COUNTIF(Table5[[#This Row],[September 30, 2025]:[April 7, 2026]],"Yes")/SUMPRODUCT(--(DATEVALUE(Table5[[#Headers],[September 30, 2025]:[April 9, 2026]])<=TODAY()))} -> 0.15 | H34: Yes | I34: Yes | J34: No | K34: No | L34: Yes | M34: No | N34: No | O34: No | P34: No | Q34: No | R34: No | S34: No | T34: No | U34: No | V34: No | W34: No | X34: No | Y34: No | Z34: No | AA34: No | AB34: No | AC34: No | AD34: No | AE34: No | AF34: No | AG34: No | AH34: No | AI34: No | AJ34: No
B35: Cole | C35: Korchinski | D35: =Table5[[#This Row],[First name]]&" "&Table5[[#This Row],[Last name]] -> Cole Korchinski | E35: =_xlfn.XLOOKUP(Table5[[#This Row],[Full name]],Table26[Name],Table26[Role],"Member",0,1) -> Executive | F35: Verified | G35: {=COUNTIF(Table5[[#This Row],[September 30, 2025]:[April 7, 2026]],"Yes")/SUMPRODUCT(--(DATEVALUE(Table5[[#Headers],[September 30, 2025]:[April 9, 2026]])<=TODAY()))} -> 0.3 | H35: Yes | I35: Yes | J35: No | K35: No | L35: Yes | M35: No | N35: No | O35: No | P35: Yes | Q35: No | R35: No | S35: No | T35: No | U35: No | V35: No | W35: No | X35: Yes | Y35: Yes | Z35: No | AA35: No | AB35: No | AC35: No | AD35: No | AE35: No | AF35: No | AG35: No | AH35: No | AI35: No | AJ35: No
B36: Damon | C36: Deng | D36: =Table5[[#This Row],[First name]]&" "&Table5[[#This Row],[Last name]] -> Damon Deng | E36: =_xlfn.XLOOKUP(Table5[[#This Row],[Full name]],Table26[Name],Table26[Role],"Member",0,1) -> Executive | F36: Verified | G36: {=COUNTIF(Table5[[#This Row],[September 30, 2025]:[April 7, 2026]],"Yes")/SUMPRODUCT(--(DATEVALUE(Table5[[#Headers],[September 30, 2025]:[April 9, 2026]])<=TODAY()))} -> 0.25 | H36: Yes | I36: No | J36: No | K36: No | L36: No | M36: No | N36: No | O36: No | P36: No | Q36: No | R36: Yes | S36: No | T36: No | U36: Yes | V36: Yes | W36: No | X36: No | Y36: No | Z36: Yes | AA36: No | AB36: No | AC36: No | AD36: No | AE36: No | AF36: No | AG36: No | AH36: No | AI36: No | AJ36: No
B37: Daniel | C37: Dillabough | D37: =Table5[[#This Row],[First name]]&" "&Table5[[#This Row],[Last name]] -> Daniel Dillabough | E37: =_xlfn.XLOOKUP(Table5[[#This Row],[Full name]],Table26[Name],Table26[Role],"Member",0,1) -> Executive | F37: Verified | G37: {=COUNTIF(Table5[[#This Row],[September 30, 2025]:[April 7, 2026]],"Yes")/SUMPRODUCT(--(DATEVALUE(Table5[[#Headers],[September 30, 2025]:[April 9, 2026]])<=TODAY()))} -> 0.45 | H37: Yes | I37: Yes | J37: No | K37: Yes | L37: Yes | M37: No | N37: Yes | O37: No | P37: Yes | Q37: Yes | R37: No | S37: No | T37: Yes | U37: No | V37: Yes | W37: No | X37: No | Y37: No | Z37: No | AA37: No | AB37: No | AC37: No | AD37: No | AE37: No | AF37: No | AG37: No | AH37: No | AI37: No | AJ37: No
B38: Darren | C38: Poku | D38: =Table5[[#This Row],[First name]]&" "&Table5[[#This Row],[Last name]] -> Darren Poku | E38: =_xlfn.XLOOKUP(Table5[[#This Row],[Full name]],Table26[Name],Table26[Role],"Member",0,1) -> Executive | F38: Verified | G38: {=COUNTIF(Table5[[#This Row],[September 30, 2025]:[April 7, 2026]],"Yes")/SUMPRODUCT(--(DATEVALUE(Table5[[#Headers],[September 30, 2025]:[April 9, 2026]])<=TODAY()))} -> 0.2 | H38: No | I38: Yes | J38: Yes | K38: No | L38: No | M38: Yes | N38: No | O38: No | P38: No | Q38: No | R38: No | S38: No | T38: No | U38: No | V38: No | W38: No | X38: No | Y38: Yes | Z38: No | AA38: No | AB38: No | AC38: No | AD38: No | AE38: No | AF38: No | AG38: No | AH38: No | AI38: No | AJ38: No
B39: Dikang | C39: Fu | D39: =Table5[[#This Row],[First name]]&" "&Table5[[#This Row],[Last name]] -> Dikang Fu | E39: =_xlfn.XLOOKUP(Table5[[#This Row],[Full name]],Table26[Name],Table26[Role],"Member",0,1) -> Executive | F39: Verified | G39: {=COUNTIF(Table5[[#This Row],[September 30, 2025]:[April 7, 2026]],"Yes")/SUMPRODUCT(--(DATEVALUE(Table5[[#Headers],[September 30, 2025]:[April 9, 2026]])<=TODAY()))} -> 0.8 | H39: Yes | I39: Yes | J39: Yes | K39: Yes | L39: No | M39: Yes | N39: Yes | O39: Yes | P39: Yes | Q39: No | R39: No | S39: Yes | T39: Yes | U39: Yes | V39: Yes | W39: Yes | X39: No | Y39: Yes | Z39: Yes | AA39: Yes | AB39: No | AC39: No | AD39: No | AE39: No | AF39: No | AG39: No | AH39: No | AI39: No | AJ39: No
B40: Elliott | C40: Beames | D40: =Table5[[#This Row],[First name]]&" "&Table5[[#This Row],[Last name]] -> Elliott Beames | E40: =_xlfn.XLOOKUP(Table5[[#This Row],[Full name]],Table26[Name],Table26[Role],"Member",0,1) -> Executive | F40: Verified | G40: {=COUNTIF(Table5[[#This Row],[September 30, 2025]:[April 7, 2026]],"Yes")/SUMPRODUCT(--(DATEVALUE(Table5[[#Headers],[September 30, 2025]:[April 9, 2026]])<=TODAY()))} -> 0.8 | H40: No | I40: No | J40: No | K40: No | L40: Yes | M40: Yes | N40: Yes | O40: Yes | P40: Yes | Q40: Yes | R40: Yes | S40: Yes | T40: Yes | U40: Yes | V40: Yes | W40: Yes | X40: Yes | Y40: Yes | Z40: Yes | AA40: Yes | AB40: No | AC40: No | AD40: No | AE40: No | AF40: No | AG40: No | AH40: No | AI40: No | AJ40: No
B41: Emma | C41: Sproxton | D41: =Table5[[#This Row],[First name]]&" "&Table5[[#This Row],[Last name]] -> Emma Sproxton | E41: =_xlfn.XLOOKUP(Table5[[#This Row],[Full name]],Table26[Name],Table26[Role],"Member",0,1) -> Executive | F41: Verified | G41: {=COUNTIF(Table5[[#This Row],[September 30, 2025]:[April 7, 2026]],"Yes")/SUMPRODUCT(--(DATEVALUE(Table5[[#Headers],[September 30, 2025]:[April 9, 2026]])<=TODAY()))} -> 0.4 | H41: No | I41: No | J41: No | K41: Yes | L41: No | M41: No | N41: No | O41: No | P41: No | Q41: No | R41: Yes | S41: Yes | T41: Yes | U41: No | V41: Yes | W41: No | X41: Yes | Y41: Yes | Z41: Yes | AA41: No | AB41: No | AC41: No | AD41: No | AE41: No | AF41: No | AG41: No | AH41: No | AI41: No | AJ41: No
B42: Forrest | C42: Hermary | D42: =Table5[[#This Row],[First name]]&" "&Table5[[#This Row],[Last name]] -> Forrest Hermary | E42: =_xlfn.XLOOKUP(Table5[[#This Row],[Full name]],Table26[Name],Table26[Role],"Member",0,1) -> Executive | F42: Verified | G42: {=COUNTIF(Table5[[#This Row],[September 30, 2025]:[April 7, 2026]],"Yes")/SUMPRODUCT(--(DATEVALUE(Table5[[#Headers],[September 30, 2025]:[April 9, 2026]])<=TODAY()))} -> 0.3 | H42: Yes | I42: Yes | J42: No | K42: No | L42: Yes | M42: No | N42: Yes | O42: Yes | P42: No | Q42: Yes | R42: No | S42: No | T42: No | U42: No | V42: No | W42: No | X42: No | Y42: No | Z42: No | AA42: No | AB42: No | AC42: No | AD42: No | AE42: No | AF42: No | AG42: No | AH42: No | AI42: No | AJ42: No
... B50: Matthew | C50: Fernandes | D50: =Table5[[#This Row],[First name]]&" "&Table5[[#This Row],[Last name]] -> Matthew Fernandes | E50: =_xlfn.XLOOKUP(Table5[[#This Row],[Full name]],Table26[Name],Table26[Role],"Member",0,1) -> Executive | F50: Verified | G50: {=COUNTIF(Table5[[#This Row],[September 30, 2025]:[April 7, 2026]],"Yes")/SUMPRODUCT(--(DATEVALUE(Table5[[#Headers],[September 30, 2025]:[April 9, 2026]])<=TODAY()))} -> 0.55 | H50: No | I50: No | J50: No | K50: No | L50: No | M50: Yes | N50: Yes | O50: Yes | P50: Yes | Q50: Yes | R50: Yes | S50: Yes | T50: Yes | U50: No | V50: No | W50: No | X50: Yes | Y50: Yes | Z50: No | AA50: Yes | AB50: No | AC50: No | AD50: No | AE50: No | AF50: No | AG50: No | AH50: No | AI50: No | AJ50: No
B51: Medet | C51: Kazbek | D51: =Table5[[#This Row],[First name]]&" "&Table5[[#This Row],[Last name]] -> Medet Kazbek | E51: =_xlfn.XLOOKUP(Table5[[#This Row],[Full name]],Table26[Name],Table26[Role],"Member",0,1) -> Executive | F51: Verified | G51: {=COUNTIF(Table5[[#This Row],[September 30, 2025]:[April 7, 2026]],"Yes")/SUMPRODUCT(--(DATEVALUE(Table5[[#Headers],[September 30, 2025]:[April 9, 2026]])<=TODAY()))} -> 0.25 | H51: Yes | I51: No | J51: Yes | K51: No | L51: No | M51: Yes | N51: Yes | O51: Yes | P51: No | R51: No | S51: No | T51: No | U51: No | V51: No | W51: No | X51: No | Y51: No | Z51: No | AA51: No | AB51: No | AC51: No | AD51: No | AE51: No | AF51: No | AG51: No | AH51: No | AI51: No | AJ51: No
B52: Nathan | C52: Visentin | D52: =Table5[[#This Row],[First name]]&" "&Table5[[#This Row],[Last name]] -> Nathan Visentin | E52: =_xlfn.XLOOKUP(Table5[[#This Row],[Full name]],Table26[Name],Table26[Role],"Member",0,1) -> Executive | F52: Verified | G52: {=COUNTIF(Table5[[#This Row],[September 30, 2025]:[April 7, 2026]],"Yes")/SUMPRODUCT(--(DATEVALUE(Table5[[#Headers],[September 30, 2025]:[April 9, 2026]])<=TODAY()))} -> 0.1 | H52: Yes | I52: No | J52: No | K52: No | L52: Yes | M52: No | N52: No | O52: No | P52: No | Q52: No | R52: No | S52: No | T52: No | U52: No | V52: No | W52: No | X52: No | Y52: No | Z52: No | AA52: No | AB52: No | AC52: No | AD52: No | AE52: No | AF52: No | AG52: No | AH52: No | AI52: No | AJ52: No
B53: Noah | C53: George | D53: =Table5[[#This Row],[First name]]&" "&Table5[[#This Row],[Last name]] -> Noah George | E53: =_xlfn.XLOOKUP(Table5[[#This Row],[Full name]],Table26[Name],Table26[Role],"Member",0,1) -> Executive | F53: Verified | G53: {=COUNTIF(Table5[[#This Row],[September 30, 2025]:[April 7, 2026]],"Yes")/SUMPRODUCT(--(DATEVALUE(Table5[[#Headers],[September 30, 2025]:[April 9, 2026]])<=TODAY()))} -> 0.85 | H53: Yes | I53: No | J53: Yes | K53: Yes | L53: Yes | M53: Yes | N53: Yes | O53: Yes | P53: Yes | Q53: Yes | R53: Yes | S53: Yes | T53: No | U53: Yes | V53: Yes | W53: Yes | X53: No | Y53: Yes | Z53: Yes | AA53: Yes | AB53: No | AC53: No | AD53: No | AE53: No | AF53: No | AG53: No | AH53: No | AI53: No | AJ53: No
B54: Noella | C54: Or | D54: =Table5[[#This Row],[First name]]&" "&Table5[[#This Row],[Last name]] -> Noella Or | E54: =_xlfn.XLOOKUP(Table5[[#This Row],[Full name]],Table26[Name],Table26[Role],"Member",0,1) -> Executive | F54: Verified | G54: {=COUNTIF(Table5[[#This Row],[September 30, 2025]:[April 7, 2026]],"Yes")/SUMPRODUCT(--(DATEVALUE(Table5[[#Headers],[September 30, 2025]:[April 9, 2026]])<=TODAY()))} -> 0.55 | H54: No | I54: No | J54: Yes | K54: No | L54: No | M54: Yes | N54: Yes | O54: Yes | P54: Yes | Q54: Yes | R54: Yes | S54: Yes | T54: No | U54: Yes | V54: No | W54: No | X54: No | Y54: Yes | Z54: No | AA54: Yes | AB54: No | AC54: No | AD54: No | AE54: No | AF54: No | AG54: No | AH54: No | AI54: No | AJ54: No
B55: Oscar | C55: Chen | D55: =Table5[[#This Row],[First name]]&" "&Table5[[#This Row],[Last name]] -> Oscar Chen | E55: =_xlfn.XLOOKUP(Table5[[#This Row],[Full name]],Table26[Name],Table26[Role],"Member",0,1) -> Executive | F55: Verified | G55: {=COUNTIF(Table5[[#This Row],[September 30, 2025]:[April 7, 2026]],"Yes")/SUMPRODUCT(--(DATEVALUE(Table5[[#Headers],[September 30, 2025]:[April 9, 2026]])<=TODAY()))} -> 0.5 | H55: Yes | I55: Yes | J55: No | K55: Yes | L55: No | M55: No | N55: No | O55: No | P55: No | Q55: No | R55: Yes | S55: Yes | T55: Yes | U55: No | V55: No | W55: Yes | X55: Yes | Y55: No | Z55: Yes | AA55: Yes | AB55: No | AC55: No | AD55: No | AE55: No | AF55: No | AG55: No | AH55: No | AI55: No | AJ55: No
B56: Pari | C56: Shah | D56: =Table5[[#This Row],[First name]]&" "&Table5[[#This Row],[Last name]] -> Pari Shah | E56: =_xlfn.XLOOKUP(Table5[[#This Row],[Full name]],Table26[Name],Table26[Role],"Member",0,1) -> Executive | F56: Verified | G56: {=COUNTIF(Table5[[#This Row],[September 30, 2025]:[April 7, 2026]],"Yes")/SUMPRODUCT(--(DATEVALUE(Table5[[#Headers],[September 30, 2025]:[April 9, 2026]])<=TODAY()))} -> 1 | H56: Yes | I56: Yes | J56: Yes | K56: Yes | L56: Yes | M56: Yes | N56: Yes | O56: Yes | P56: Yes | Q56: Yes | R56: Yes | S56: Yes | T56: Yes | U56: Yes | V56: Yes | W56: Yes | X56: Yes | Y56: Yes | Z56: Yes | AA56: Yes | AB56: No | AC56: No | AD56: No | AE56: No | AF56: No | AG56: No | AH56: No | AI56: No | AJ56: No
B57: Pavel | C57: Tsymbalyuk | D57: =Table5[[#This Row],[First name]]&" "&Table5[[#This Row],[Last name]] -> Pavel Tsymbalyuk | E57: =_xlfn.XLOOKUP(Table5[[#This Row],[Full name]],Table26[Name],Table26[Role],"Member",0,1) -> Executive | F57: Verified | G57: {=COUNTIF(Table5[[#This Row],[September 30, 2025]:[April 7, 2026]],"Yes")/SUMPRODUCT(--(DATEVALUE(Table5[[#Headers],[September 30, 2025]:[April 9, 2026]])<=TODAY()))} -> 0.55 | H57: Yes | I57: No | J57: No | K57: Yes | L57: No | M57: Yes | N57: Yes | O57: Yes | P57: Yes | Q57: No | R57: No | S57: Yes | T57: Yes | U57: Yes | V57: No | W57: No | X57: No | Y57: No | Z57: Yes | AA57: Yes | AB57: No | AC57: No | AD57: No | AE57: No | AF57: No | AG57: No | AH57: No | AI57: No | AJ57: No
B58: Priyansh | C58: Sharma | D58: =Table5[[#This Row],[First name]]&" "&Table5[[#This Row],[Last name]] -> Priyansh Sharma | E58: =_xlfn.XLOOKUP(Table5[[#This Row],[Full name]],Table26[Name],Table26[Role],"Member",0,1) -> Executive | F58: Verified | G58: {=COUNTIF(Table5[[#This Row],[September 30, 2025]:[April 7, 2026]],"Yes")/SUMPRODUCT(--(DATEVALUE(Table5[[#Headers],[September 30, 2025]:[April 9, 2026]])<=TODAY()))} -> 0.85 | H58: Yes | I58: Yes | J58: Yes | K58: Yes | L58: Yes | M58: Yes | N58: Yes | O58: No | P58: Yes | Q58: Yes | R58: No | S58: Yes | T58: Yes | U58: Yes | V58: Yes | W58: Yes | X58: Yes | Y58: No | Z58: Yes | AA58: Yes | AB58: No | AC58: No | AD58: No | AE58: No | AF58: No | AG58: No | AH58: No | AI58: No | AJ58: No
B59: Quenifer | C59: Lung | D59: =Table5[[#This Row],[First name]]&" "&Table5[[#This Row],[Last name]] -> Quenifer Lung | E59: =_xlfn.XLOOKUP(Table5[[#This Row],[Full name]],Table26[Name],Table26[Role],"Member",0,1) -> Executive | F59: Verified | G59: {=COUNTIF(Table5[[#This Row],[September 30, 2025]:[April 7, 2026]],"Yes")/SUMPRODUCT(--(DATEVALUE(Table5[[#Headers],[September 30, 2025]:[April 9, 2026]])<=TODAY()))} -> 0.05 | H59: No | I59: No | J59: No | K59: No | L59: Yes | M59: No | N59: No | O59: No | P59: No | Q59: No | R59: No | S59: No | T59: No | U59: No | V59: No | W59: No | X59: No | Y59: No | Z59: No | AA59: No | AB59: No | AC59: No | AD59: No | AE59: No | AF59: No | AG59: No | AH59: No | AI59: No | AJ59: No
B60: Rachel | C60: Xu | D60: =Table5[[#This Row],[First name]]&" "&Table5[[#This Row],[Last name]] -> Rachel Xu | E60: =_xlfn.XLOOKUP(Table5[[#This Row],[Full name]],Table26[Name],Table26[Role],"Member",0,1) -> Executive | G60: {=COUNTIF(Table5[[#This Row],[September 30, 2025]:[April 7, 2026]],"Yes")/SUMPRODUCT(--(DATEVALUE(Table5[[#Headers],[September 30, 2025]:[April 9, 2026]])<=TODAY()))} -> 0.2 | O60: Yes | P60: No | Q60: No | R60: No | S60: No | T60: Yes | U60: Yes | V60: No | W60: No | X60: Yes | Y60: No | Z60: No | AA60: No | AB60: No | AC60: No | AD60: No | AE60: No | AF60: No | AG60: No | AH60: No | AI60: No | AJ60: No
B61: Ray | C61: Macaulay | D61: =Table5[[#This Row],[First name]]&" "&Table5[[#This Row],[Last name]] -> Ray Macaulay | E61: =_xlfn.XLOOKUP(Table5[[#This Row],[Full name]],Table26[Name],Table26[Role],"Member",0,1) -> Executive | F61: Verified | G61: {=COUNTIF(Table5[[#This Row],[September 30, 2025]:[April 7, 2026]],"Yes")/SUMPRODUCT(--(DATEVALUE(Table5[[#Headers],[September 30, 2025]:[April 9, 2026]])<=TODAY()))} -> 0.4 | H61: Yes | I61: Yes | J61: Yes | K61: Yes | L61: Yes | M61: No | N61: No | O61: No | P61: Yes | Q61: No | R61: No | S61: Yes | T61: No | U61: No | V61: No | W61: No | X61: No | Y61: Yes | Z61: No | AA61: No | AB61: No | AC61: No | AD61: No | AE61: No | AF61: No | AG61: No | AH61: No | AI61: No | AJ61: No
B62: Richard | C62: Pan | D62: =Table5[[#This Row],[First name]]&" "&Table5[[#This Row],[Last name]] -> Richard Pan | E62: =_xlfn.XLOOKUP(Table5[[#This Row],[Full name]],Table26[Name],Table26[Role],"Member",0,1) -> Executive | F62: Verified | G62: {=COUNTIF(Table5[[#This Row],[September 30, 2025]:[April 7, 2026]],"Yes")/SUMPRODUCT(--(DATEVALUE(Table5[[#Headers],[September 30, 2025]:[April 9, 2026]])<=TODAY()))} -> 0.8 | H62: Yes | I62: No | J62: Yes | K62: Yes | L62: Yes | M62: Yes | N62: Yes | O62: Yes | P62: Yes | Q62: Yes | R62: Yes | S62: No | T62: Yes | U62: Yes | V62: Yes | W62: Yes | X62: Yes | Y62: Yes | Z62: No | AA62: No | AB62: No | AC62: No | AD62: No | AE62: No | AF62: No | AG62: No | AH62: No | AI62: No | AJ62: No
B63: Sabrina | C63: Vong | D63: =Table5[[#This Row],[First name]]&" "&Table5[[#This Row],[Last name]] -> Sabrina Vong | E63: =_xlfn.XLOOKUP(Table5[[#This Row],[Full name]],Table26[Name],Table26[Role],"Member",0,1) -> Executive | F63: Verified | G63: {=COUNTIF(Table5[[#This Row],[September 30, 2025]:[April 7, 2026]],"Yes")/SUMPRODUCT(--(DATEVALUE(Table5[[#Headers],[September 30, 2025]:[April 9, 2026]])<=TODAY()))} -> 0.6 | H63: No | I63: No | J63: Yes | K63: No | L63: Yes | M63: Yes | N63: Yes | O63: Yes | P63: Yes | Q63: Yes | R63: Yes | S63: Yes | T63: No | U63: Yes | V63: No | W63: No | X63: No | Y63: Yes | Z63: No | AA63: Yes | AB63: No | AC63: No | AD63: No | AE63: No | AF63: No | AG63: No | AH63: No | AI63: No | AJ63: No
B64: Sanjay | C64: Snaidero | D64: =Table5[[#This Row],[First name]]&" "&Table5[[#This Row],[Last name]] -> Sanjay Snaidero | E64: =_xlfn.XLOOKUP(Table5[[#This Row],[Full name]],Table26[Name],Table26[Role],"Member",0,1) -> Executive | F64: Verified | G64: {=COUNTIF(Table5[[#This Row],[September 30, 2025]:[April 7, 2026]],"Yes")/SUMPRODUCT(--(DATEVALUE(Table5[[#Headers],[September 30, 2025]:[April 9, 2026]])<=TODAY()))} -> 0.1 | H64: No | I64: No | J64: No | K64: Yes | L64: No | M64: No | N64: No | O64: No | P64: No | Q64: Yes | R64: No | S64: No | T64: No | U64: No | V64: No | W64: No | X64: No | Y64: No | Z64: No | AA64: No | AB64: No | AC64: No | AD64: No | AE64: No | AF64: No | AG64: No | AH64: No | AI64: No | AJ64: No
B65: Sawyer | C65: Sanderson | D65: =Table5[[#This Row],[First name]]&" "&Table5[[#This Row],[Last name]] -> Sawyer Sanderson | E65: =_xlfn.XLOOKUP(Table5[[#This Row],[Full name]],Table26[Name],Table26[Role],"Member",0,1) -> Executive | F65: Verified | G65: {=COUNTIF(Table5[[#This Row],[September 30, 2025]:[April 7, 2026]],"Yes")/SUMPRODUCT(--(DATEVALUE(Table5[[#Headers],[September 30, 2025]:[April 9, 2026]])<=TODAY()))} -> 0.7 | H65: Yes | I65: No | J65: Yes | K65: Yes | L65: No | M65: No | N65: Yes | O65: Yes | P65: Yes | Q65: Yes | R65: Yes | S65: Yes | T65: Yes | U65: Yes | V65: No | W65: No | X65: Yes | Y65: Yes | Z65: No | AA65: Yes | AB65: No | AC65: No | AD65: No | AE65: No | AF65: No | AG65: No | AH65: No | AI65: No | AJ65: No
B66: Verissa | C66: Liu | D66: =Table5[[#This Row],[First name]]&" "&Table5[[#This Row],[Last name]] -> Verissa Liu | E66: =_xlfn.XLOOKUP(Table5[[#This Row],[Full name]],Table26[Name],Table26[Role],"Member",0,1) -> Executive | F66: Verified | G66: {=COUNTIF(Table5[[#This Row],[September 30, 2025]:[April 7, 2026]],"Yes")/SUMPRODUCT(--(DATEVALUE(Table5[[#Headers],[September 30, 2025]:[April 9, 2026]])<=TODAY()))} -> 1 | H66: Yes | I66: Yes | J66: Yes | K66: Yes | L66: Yes | M66: Yes | N66: Yes | O66: Yes | P66: Yes | Q66: Yes | R66: Yes | S66: Yes | T66: Yes | U66: Yes | V66: Yes | W66: Yes | X66: Yes | Y66: Yes | Z66: Yes | AA66: Yes | AB66: No | AC66: No | AD66: No | AE66: No | AF66: No | AG66: No | AH66: No | AI66: No | AJ66: No
B67: William | C67: Mah | D67: =Table5[[#This Row],[First name]]&" "&Table5[[#This Row],[Last name]] -> William Mah | E67: =_xlfn.XLOOKUP(Table5[[#This Row],[Full name]],Table26[Name],Table26[Role],"Member",0,1) -> Executive | F67: Verified | G67: {=COUNTIF(Table5[[#This Row],[September 30, 2025]:[April 7, 2026]],"Yes")/SUMPRODUCT(--(DATEVALUE(Table5[[#Headers],[September 30, 2025]:[April 9, 2026]])<=TODAY()))} -> 0.15 | N67: Yes | P67: Yes | Q67: No | R67: No | S67: No | T67: No | U67: No | V67: Yes | W67: No | X67: No | Y67: No | Z67: No | AA67: No | AB67: No | AC67: No | AD67: No | AE67: No | AF67: No | AG67: No | AH67: No | AI67: No | AJ67: No
B68: Zach | C68: Brotman | D68: =Table5[[#This Row],[First name]]&" "&Table5[[#This Row],[Last name]] -> Zach Brotman | E68: =_xlfn.XLOOKUP(Table5[[#This Row],[Full name]],Table26[Name],Table26[Role],"Member",0,1) -> Executive | F68: Verified | G68: {=COUNTIF(Table5[[#This Row],[September 30, 2025]:[April 7, 2026]],"Yes")/SUMPRODUCT(--(DATEVALUE(Table5[[#Headers],[September 30, 2025]:[April 9, 2026]])<=TODAY()))} -> 0.25 | H68: No | I68: No | J68: Yes | K68: No | L68: No | M68: Yes | N68: No | O68: No | P68: No | Q68: Yes | R68: No | S68: Yes | T68: No | U68: No | V68: No | W68: No | X68: No | Y68: Yes | Z68: No | AA68: No | AB68: No | AC68: No | AD68: No | AE68: No | AF68: No | AG68: No | AH68: No | AI68: No | AJ68: No
B69: Zack | C69: Hao | D69: =Table5[[#This Row],[First name]]&" "&Table5[[#This Row],[Last name]] -> Zack Hao | E69: =_xlfn.XLOOKUP(Table5[[#This Row],[Full name]],Table26[Name],Table26[Role],"Member",0,1) -> Executive | F69: Verified | G69: {=COUNTIF(Table5[[#This Row],[September 30, 2025]:[April 7, 2026]],"Yes")/SUMPRODUCT(--(DATEVALUE(Table5[[#Headers],[September 30, 2025]:[April 9, 2026]])<=TODAY()))} -> 0.35 | H69: Yes | I69: No | J69: No | K69: Yes | L69: No | M69: No | N69: Yes | O69: No | P69: yes | Q69: No | R69: No | S69: No | T69: Yes | U69: No | V69: No | W69: No | X69: Yes | Y69: No | Z69: Yes | AA69: No | AB69: No | AC69: No | AD69: No | AE69: No | AF69: No | AG69: No | AH69: No | AI69: No | AJ69: No
B70: Aadam | C70: Lakhani | D70: =Table5[[#This Row],[First name]]&" "&Table5[[#This Row],[Last name]] -> Aadam Lakhani | E70: =_xlfn.XLOOKUP(Table5[[#This Row],[Full name]],Table26[Name],Table26[Role],"Member",0,1) -> Member | F70: Verified | G70: {=COUNTIF(Table5[[#This Row],[September 30, 2025]:[April 7, 2026]],"Yes")/SUMPRODUCT(--(DATEVALUE(Table5[[#Headers],[September 30, 2025]:[April 9, 2026]])<=TODAY()))} -> 0.05 | H70: No | I70: No | J70: No | K70: Yes | L70: No | M70: No | N70: No | O70: No | P70: No | Q70: No | R70: No | S70: No | T70: No | U70: No | V70: No | W70: No | X70: No | Y70: No | Z70: No | AA70: No | AB70: No | AC70: No | AD70: No | AE70: No | AF70: No | AG70: No | AH70: No | AI70: No | AJ70: No
B71: Aakaash | C71: Shankar | D71: =Table5[[#This Row],[First name]]&" "&Table5[[#This Row],[Last name]] -> Aakaash Shankar | E71: =_xlfn.XLOOKUP(Table5[[#This Row],[Full name]],Table26[Name],Table26[Role],"Member",0,1) -> Member | F71: Verified | G71: {=COUNTIF(Table5[[#This Row],[September 30, 2025]:[April 7, 2026]],"Yes")/SUMPRODUCT(--(DATEVALUE(Table5[[#Headers],[September 30, 2025]:[April 9, 2026]])<=TODAY()))} -> 0 | H71: No | I71: No | J71: No | K71: No | L71: No | M71: No | N71: No | O71: No | P71: No | Q71: No | R71: No | S71: No | T71: No | U71: No | V71: No | W71: No | X71: No | Y71: No | Z71: No | AA71: No | AB71: No | AC71: No | AD71: No | AE71: No | AF71: No | AG71: No | AH71: No | AI71: No | AJ71: No
B72: Aaron | C72: Hamilton | D72: =Table5[[#This Row],[First name]]&" "&Table5[[#This Row],[Last name]] -> Aaron Hamilton | E72: =_xlfn.XLOOKUP(Table5[[#This Row],[Full name]],Table26[Name],Table26[Role],"Member",0,1) -> Member | F72: Verified | G72: {=COUNTIF(Table5[[#This Row],[September 30, 2025]:[April 7, 2026]],"Yes")/SUMPRODUCT(--(DATEVALUE(Table5[[#Headers],[September 30, 2025]:[April 9, 2026]])<=TODAY()))} -> 0.35 | O72: yes | P72: No | Q72: Yes | R72: No | S72: Yes | T72: Yes | U72: No | V72: No | W72: Yes | X72: No | Y72: No | Z72: Yes | AA72: Yes | AB72: No | AC72: No | AD72: No | AE72: No | AF72: No | AG72: No | AH72: No | AI72: No | AJ72: No
B73: Aaron | C73: Ye | D73: =Table5[[#This Row],[First name]]&" "&Table5[[#This Row],[Last name]] -> Aaron Ye | E73: =_xlfn.XLOOKUP(Table5[[#This Row],[Full name]],Table26[Name],Table26[Role],"Member",0,1) -> Member | F73: Verified | G73: {=COUNTIF(Table5[[#This Row],[September 30, 2025]:[April 7, 2026]],"Yes")/SUMPRODUCT(--(DATEVALUE(Table5[[#Headers],[September 30, 2025]:[April 9, 2026]])<=TODAY()))} -> 0.3 | H73: Yes | I73: Yes | J73: Yes | K73: No | L73: Yes | M73: No | N73: Yes | O73: No | P73: Yes | Q73: No | R73: No | S73: No | T73: No | U73: No | V73: No | W73: No | X73: No | Y73: No | Z73: No | AA73: No | AB73: No | AC73: No | AD73: No | AE73: No | AF73: No | AG73: No | AH73: No | AI73: No | AJ73: No
B74: Abdullah | C74: Imran | D74: =Table5[[#This Row],[First name]]&" "&Table5[[#This Row],[Last name]] -> Abdullah Imran | E74: =_xlfn.XLOOKUP(Table5[[#This Row],[Full name]],Table26[Name],Table26[Role],"Member",0,1) -> Member | F74: Verified | G74: {=COUNTIF(Table5[[#This Row],[September 30, 2025]:[April 7, 2026]],"Yes")/SUMPRODUCT(--(DATEVALUE(Table5[[#Headers],[September 30, 2025]:[April 9, 2026]])<=TODAY()))} -> 0.4 | P74: Yes | Q74: Yes | R74: Yes | S74: No | T74: Yes | U74: Yes | V74: Yes | W74: No | X74: No | Y74: Yes | Z74: No | AA74: Yes | AB74: No | AC74: No | AD74: No | AE74: No | AF74: No | AG74: No | AH74: No | AI74: No | AJ74: No
B75: Adam | C75: Dasilva | D75: =Table5[[#This Row],[First name]]&" "&Table5[[#This Row],[Last name]] -> Adam Dasilva | E75: =_xlfn.XLOOKUP(Table5[[#This Row],[Full name]],Table26[Name],Table26[Role],"Member",0,1) -> Member | F75: Verified | G75: {=COUNTIF(Table5[[#This Row],[September 30, 2025]:[April 7, 2026]],"Yes")/SUMPRODUCT(--(DATEVALUE(Table5[[#Headers],[September 30, 2025]:[April 9, 2026]])<=TODAY()))} -> 0.05 | H75: No | I75: No | J75: No | K75: No | L75: No | M75: Yes | N75: No | O75: No | P75: No | Q75: No | R75: No | S75: No | T75: No | U75: No | V75: No | W75: No | X75: No | Y75: No | Z75: No | AA75: No | AB75: No | AC75: No | AD75: No | AE75: No | AF75: No | AG75: No | AH75: No | AI75: No | AJ75: No
B76: Adrian | C76: Liu | D76: =Table5[[#This Row],[First name]]&" "&Table5[[#This Row],[Last name]] -> Adrian Liu | E76: =_xlfn.XLOOKUP(Table5[[#This Row],[Full name]],Table26[Name],Table26[Role],"Member",0,1) -> Member | F76: Verified | G76: {=COUNTIF(Table5[[#This Row],[September 30, 2025]:[April 7, 2026]],"Yes")/SUMPRODUCT(--(DATEVALUE(Table5[[#Headers],[September 30, 2025]:[April 9, 2026]])<=TODAY()))} -> 0.15 | N76: Yes | O76: Yes | P76: No | Q76: No | R76: No | S76: No | T76: No | U76: No | V76: Yes | W76: No | X76: No | Y76: No | Z76: No | AA76: No | AB76: No | AC76: No | AD76: No | AE76: No | AF76: No | AG76: No | AH76: No | AI76: No | AJ76: No
B77: Adrien | C77: Soupa | D77: =Table5[[#This Row],[First name]]&" "&Table5[[#This Row],[Last name]] -> Adrien Soupa | E77: =_xlfn.XLOOKUP(Table5[[#This Row],[Full name]],Table26[Name],Table26[Role],"Member",0,1) -> Member | F77: Verified | G77: {=COUNTIF(Table5[[#This Row],[September 30, 2025]:[April 7, 2026]],"Yes")/SUMPRODUCT(--(DATEVALUE(Table5[[#Headers],[September 30, 2025]:[April 9, 2026]])<=TODAY()))} -> 0.05 | W77: Yes | X77: No | AA77: No
B78: Ahmed | C78: Mohammed | D78: =Table5[[#This Row],[First name]]&" "&Table5[[#This Row],[Last name]] -> Ahmed Mohammed | E78: =_xlfn.XLOOKUP(Table5[[#This Row],[Full name]],Table26[Name],Table26[Role],"Member",0,1) -> Member | F78: Verified | G78: {=COUNTIF(Table5[[#This Row],[September 30, 2025]:[April 7, 2026]],"Yes")/SUMPRODUCT(--(DATEVALUE(Table5[[#Headers],[September 30, 2025]:[April 9, 2026]])<=TODAY()))} -> 0.1 | H78: No | I78: No | J78: Yes | K78: No | L78: No | M78: No | N78: Yes | O78: No | P78: No | Q78: No | R78: No | S78: No | T78: No | U78: No | V78: No | W78: No | X78: No | Y78: No | Z78: No | AA78: No | AB78: No | AC78: No | AD78: No | AE78: No | AF78: No | AG78: No | AH78: No | AI78: No | AJ78: No
B79: Aiden | C79: Gertler | D79: =Table5[[#This Row],[First name]]&" "&Table5[[#This Row],[Last name]] -> Aiden Gertler | E79: =_xlfn.XLOOKUP(Table5[[#This Row],[Full name]],Table26[Name],Table26[Role],"Member",0,1) -> Member | F79: Verified | G79: {=COUNTIF(Table5[[#This Row],[September 30, 2025]:[April 7, 2026]],"Yes")/SUMPRODUCT(--(DATEVALUE(Table5[[#Headers],[September 30, 2025]:[April 9, 2026]])<=TODAY()))} -> 0 | H79: No | I79: No | J79: No | K79: No | L79: No | M79: No | N79: No | O79: No | P79: No | Q79: No | R79: No | S79: No | T79: No | U79: No | V79: No | W79: No | X79: No | Y79: No | Z79: No | AA79: No | AB79: No | AC79: No | AD79: No | AE79: No | AF79: No | AG79: No | AH79: No | AI79: No | AJ79: No
B80: Ajai | C80: Lingenfelter | D80: =Table5[[#This Row],[First name]]&" "&Table5[[#This Row],[Last name]] -> Ajai Lingenfelter | E80: =_xlfn.XLOOKUP(Table5[[#This Row],[Full name]],Table26[Name],Table26[Role],"Member",0,1) -> Member | F80: Verified | G80: {=COUNTIF(Table5[[#This Row],[September 30, 2025]:[April 7, 2026]],"Yes")/SUMPRODUCT(--(DATEVALUE(Table5[[#Headers],[September 30, 2025]:[April 9, 2026]])<=TODAY()))} -> 0 | H80: No | I80: No | J80: No | K80: No | L80: No | M80: No | N80: No | O80: No | P80: No | Q80: No | R80: No | S80: No | T80: No | U80: No | V80: No | W80: No | X80: No | Y80: No | Z80: No | AA80: No | AB80: No | AC80: No | AD80: No | AE80: No | AF80: No | AG80: No | AH80: No | AI80: No | AJ80: No
B81: Alan | C81: Long | D81: =Table5[[#This Row],[First name]]&" "&Table5[[#This Row],[Last name]] -> Alan Long | E81: =_xlfn.XLOOKUP(Table5[[#This Row],[Full name]],Table26[Name],Table26[Role],"Member",0,1) -> Member | F81: Verified | G81: {=COUNTIF(Table5[[#This Row],[September 30, 2025]:[April 7, 2026]],"Yes")/SUMPRODUCT(--(DATEVALUE(Table5[[#Headers],[September 30, 2025]:[April 9, 2026]])<=TODAY()))} -> 0.15 | H81: Yes | I81: No | J81: No | K81: No | L81: Yes | M81: No | N81: No | O81: No | P81: No | Q81: No | R81: No | S81: No | T81: No | U81: No | V81: No | W81: No | X81: No | Y81: No | Z81: No | AA81: Yes | AB81: No | AC81: No | AD81: No | AE81: No | AF81: No | AG81: No | AH81: No | AI81: No | AJ81: No
B82: Alex | C82: Fan-Lun | D82: =Table5[[#This Row],[First name]]&" "&Table5[[#This Row],[Last name]] -> Alex Fan-Lun | E82: =_xlfn.XLOOKUP(Table5[[#This Row],[Full name]],Table26[Name],Table26[Role],"Member",0,1) -> Member | F82: Verified | G82: {=COUNTIF(Table5[[#This Row],[September 30, 2025]:[April 7, 2026]],"Yes")/SUMPRODUCT(--(DATEVALUE(Table5[[#Headers],[September 30, 2025]:[April 9, 2026]])<=TODAY()))} -> 0.1 | H82: No | I82: No | J82: No | K82: Yes | L82: No | M82: No | N82: No | O82: No | P82: No | Q82: No | R82: No | S82: No | T82: No | U82: No | V82: No | W82: No | X82: No | Y82: Yes | Z82: No | AA82: No | AB82: No | AC82: No | AD82: No | AE82: No | AF82: No | AG82: No | AH82: No | AI82: No | AJ82: No
B83: Alex | C83: Xiao | D83: =Table5[[#This Row],[First name]]&" "&Table5[[#This Row],[Last name]] -> Alex Xiao | E83: =_xlfn.XLOOKUP(Table5[[#This Row],[Full name]],Table26[Name],Table26[Role],"Member",0,1) -> Member | F83: Verified | G83: {=COUNTIF(Table5[[#This Row],[September 30, 2025]:[April 7, 2026]],"Yes")/SUMPRODUCT(--(DATEVALUE(Table5[[#Headers],[September 30, 2025]:[April 9, 2026]])<=TODAY()))} -> 0.15 | H83: No | I83: Yes | J83: No | K83: No | L83: No | M83: No | N83: No | O83: No | P83: No | Q83: No | R83: Yes | S83: No | T83: Yes | U83: No | V83: No | W83: No | X83: No | Y83: No | Z83: No | AA83: No | AB83: No | AC83: No | AD83: No | AE83: No | AF83: No | AG83: No | AH83: No | AI83: No | AJ83: No | BL83: f
B84: Alex | C84: Nguyen | D84: =Table5[[#This Row],[First name]]&" "&Table5[[#This Row],[Last name]] -> Alex Nguyen | E84: =_xlfn.XLOOKUP(Table5[[#This Row],[Full name]],Table26[Name],Table26[Role],"Member",0,1) -> Member | F84: Verified | G84: {=COUNTIF(Table5[[#This Row],[September 30, 2025]:[April 7, 2026]],"Yes")/SUMPRODUCT(--(DATEVALUE(Table5[[#Headers],[September 30, 2025]:[April 9, 2026]])<=TODAY()))} -> 0.3 | S84: Yes | T84: Yes | V84: Yes | W84: Yes | X84: No | Y84: Yes | AA84: Yes
B85: Alex | C85: Xu | D85: =Table5[[#This Row],[First name]]&" "&Table5[[#This Row],[Last name]] -> Alex Xu | E85: =_xlfn.XLOOKUP(Table5[[#This Row],[Full name]],Table26[Name],Table26[Role],"Member",0,1) -> Member | G85: {=COUNTIF(Table5[[#This Row],[September 30, 2025]:[April 7, 2026]],"Yes")/SUMPRODUCT(--(DATEVALUE(Table5[[#Headers],[September 30, 2025]:[April 9, 2026]])<=TODAY()))} -> 0.1 | T85: Yes | U85: Yes | V85: No | X85: No | AA85: No
B86: Alex | C86: Yu | D86: =Table5[[#This Row],[First name]]&" "&Table5[[#This Row],[Last name]] -> Alex Yu | E86: =_xlfn.XLOOKUP(Table5[[#This Row],[Full name]],Table26[Name],Table26[Role],"Member",0,1) -> Member | G86: {=COUNTIF(Table5[[#This Row],[September 30, 2025]:[April 7, 2026]],"Yes")/SUMPRODUCT(--(DATEVALUE(Table5[[#Headers],[September 30, 2025]:[April 9, 2026]])<=TODAY()))} -> 0.2 | T86: Yes | U86: Yes | V86: No | X86: No | Y86: Yes | AA86: Yes
B87: Alexander | C87: Kowalski | D87: =Table5[[#This Row],[First name]]&" "&Table5[[#This Row],[Last name]] -> Alexander Kowalski | E87: =_xlfn.XLOOKUP(Table5[[#This Row],[Full name]],Table26[Name],Table26[Role],"Member",0,1) -> Member | F87: Verified | G87: {=COUNTIF(Table5[[#This Row],[September 30, 2025]:[April 7, 2026]],"Yes")/SUMPRODUCT(--(DATEVALUE(Table5[[#Headers],[September 30, 2025]:[April 9, 2026]])<=TODAY()))} -> 0.45 | H87: No | I87: Yes | J87: No | K87: No | L87: Yes | M87: No | N87: Yes | O87: Yes | P87: Yes | Q87: No | R87: Yes | S87: Yes | T87: No | U87: Yes | V87: Yes | W87: No | X87: No | Y87: No | Z87: No | AA87: No | AB87: No | AC87: No | AD87: No | AE87: No | AF87: No | AG87: No | AH87: No | AI87: No | AJ87: No
B88: Alexander | C88: Musarai | D88: =Table5[[#This Row],[First name]]&" "&Table5[[#This Row],[Last name]] -> Alexander Musarai | E88: =_xlfn.XLOOKUP(Table5[[#This Row],[Full name]],Table26[Name],Table26[Role],"Member",0,1) -> Member | F88: Verified | G88: {=COUNTIF(Table5[[#This Row],[September 30, 2025]:[April 7, 2026]],"Yes")/SUMPRODUCT(--(DATEVALUE(Table5[[#Headers],[September 30, 2025]:[April 9, 2026]])<=TODAY()))} -> 0.65 | H88: Yes | I88: Yes | J88: No | K88: No | L88: No | M88: No | N88: No | O88: No | P88: No | Q88: Yes | R88: Yes | S88: Yes | T88: Yes | U88: Yes | V88: Yes | W88: Yes | X88: Yes | Y88: Yes | Z88: Yes | AA88: Yes | AB88: No | AC88: No | AD88: No | AE88: No | AF88: No | AG88: No | AH88: No | AI88: No | AJ88: Yes
B89: Alexander | C89: Li | D89: =Table5[[#This Row],[First name]]&" "&Table5[[#This Row],[Last name]] -> Alexander Li | E89: =_xlfn.XLOOKUP(Table5[[#This Row],[Full name]],Table26[Name],Table26[Role],"Member",0,1) -> Member | F89: Verified | G89: {=COUNTIF(Table5[[#This Row],[September 30, 2025]:[April 7, 2026]],"Yes")/SUMPRODUCT(--(DATEVALUE(Table5[[#Headers],[September 30, 2025]:[April 9, 2026]])<=TODAY()))} -> 0.05 | S89: Yes | T89: No | V89: No | X89: No | AA89: No
B90: Ali | C90: Akinci | D90: =Table5[[#This Row],[First name]]&" "&Table5[[#This Row],[Last name]] -> Ali Akinci | E90: =_xlfn.XLOOKUP(Table5[[#This Row],[Full name]],Table26[Name],Table26[Role],"Member",0,1) -> Member | F90: Verified | G90: {=COUNTIF(Table5[[#This Row],[September 30, 2025]:[April 7, 2026]],"Yes")/SUMPRODUCT(--(DATEVALUE(Table5[[#Headers],[September 30, 2025]:[April 9, 2026]])<=TODAY()))} -> 0.1 | N90: Yes | O90: Yes | P90: No | Q90: No | R90: No | S90: No | T90: No | U90: No | V90: No | W90: No | X90: No | Y90: No | Z90: No | AA90: No | AB90: No | AC90: No | AD90: No | AE90: No | AF90: No | AG90: No | AH90: No | AI90: No | AJ90: No
B91: Ali | C91: Issa | D91: =Table5[[#This Row],[First name]]&" "&Table5[[#This Row],[Last name]] -> Ali Issa | E91: =_xlfn.XLOOKUP(Table5[[#This Row],[Full name]],Table26[Name],Table26[Role],"Member",0,1) -> Member | F91: Verified | G91: {=COUNTIF(Table5[[#This Row],[September 30, 2025]:[April 7, 2026]],"Yes")/SUMPRODUCT(--(DATEVALUE(Table5[[#Headers],[September 30, 2025]:[April 9, 2026]])<=TODAY()))} -> 0.05 | H91: Yes | I91: No | J91: No | K91: No | L91: No | M91: No | N91: No | O91: No | P91: No | Q91: No | R91: No | S91: No | T91: No | U91: No | V91: No | W91: No | X91: No | Y91: No | Z91: No | AA91: No | AB91: No | AC91: No | AD91: No | AE91: No | AF91: No | AG91: No | AH91: No | AI91: No | AJ91: No
B92: Aliran | C92: Kadashev | D92: =Table5[[#This Row],[First name]]&" "&Table5[[#This Row],[Last name]] -> Aliran Kadashev | E92: =_xlfn.XLOOKUP(Table5[[#This Row],[Full name]],Table26[Name],Table26[Role],"Member",0,1) -> Member | F92: Verified | G92: {=COUNTIF(Table5[[#This Row],[September 30, 2025]:[April 7, 2026]],"Yes")/SUMPRODUCT(--(DATEVALUE(Table5[[#Headers],[September 30, 2025]:[April 9, 2026]])<=TODAY()))} -> 0.45 | H92: No | I92: Yes | J92: Yes | K92: No | L92: Yes | M92: Yes | N92: No | O92: No | P92: Yes | Q92: No | R92: No | S92: No | T92: No | U92: No | V92: No | W92: No | X92: Yes | Y92: Yes | Z92: Yes | AA92: Yes | AB92: No | AC92: No | AD92: No | AE92: No | AF92: No | AG92: No | AH92: No | AI92: No | AJ92: No
B93: Allen | C93: Li | D93: =Table5[[#This Row],[First name]]&" "&Table5[[#This Row],[Last name]] -> Allen Li | E93: =_xlfn.XLOOKUP(Table5[[#This Row],[Full name]],Table26[Name],Table26[Role],"Member",0,1) -> Member | F93: Verified | G93: {=COUNTIF(Table5[[#This Row],[September 30, 2025]:[April 7, 2026]],"Yes")/SUMPRODUCT(--(DATEVALUE(Table5[[#Headers],[September 30, 2025]:[April 9, 2026]])<=TODAY()))} -> 0.05 | H93: No | I93: No | J93: No | K93: No | L93: No | M93: No | N93: No | O93: No | P93: No | Q93: No | R93: No | S93: Yes | T93: No | U93: No | V93: No | W93: No | X93: No | Y93: No | Z93: No | AA93: No | AB93: No | AC93: No | AD93: No | AE93: No | AF93: No | AG93: No | AH93: No | AI93: No | AJ93: No
B94: Amal | C94: Sathees | D94: =Table5[[#This Row],[First name]]&" "&Table5[[#This Row],[Last name]] -> Amal Sathees | E94: =_xlfn.XLOOKUP(Table5[[#This Row],[Full name]],Table26[Name],Table26[Role],"Member",0,1) -> Member | F94: Verified | G94: {=COUNTIF(Table5[[#This Row],[September 30, 2025]:[April 7, 2026]],"Yes")/SUMPRODUCT(--(DATEVALUE(Table5[[#Headers],[September 30, 2025]:[April 9, 2026]])<=TODAY()))} -> 0.5 | O94: Yes | P94: Yes | Q94: Yes | R94: Yes | S94: Yes | T94: Yes | U94: No | V94: No | W94: No | X94: Yes | Y94: Yes | Z94: Yes | AA94: Yes | AB94: No | AC94: No | AD94: No | AE94: No | AF94: No | AG94: No | AH94: No | AI94: No | AJ94: No
B95: Amar | C95: Aggarwal | D95: =Table5[[#This Row],[First name]]&" "&Table5[[#This Row],[Last name]] -> Amar Aggarwal | E95: =_xlfn.XLOOKUP(Table5[[#This Row],[Full name]],Table26[Name],Table26[Role],"Member",0,1) -> Member | F95: Verified | G95: {=COUNTIF(Table5[[#This Row],[September 30, 2025]:[April 7, 2026]],"Yes")/SUMPRODUCT(--(DATEVALUE(Table5[[#Headers],[September 30, 2025]:[April 9, 2026]])<=TODAY()))} -> 0.3 | H95: No | I95: No | J95: Yes | K95: No | L95: No | M95: No | N95: No | O95: Yes | P95: Yes | Q95: Yes | R95: No | S95: Yes | T95: No | U95: No | V95: No | W95: No | X95: No | Y95: No | Z95: No | AA95: Yes | AB95: No | AC95: No | AD95: No | AE95: No | AF95: No | AG95: No | AH95: No | AI95: No | AJ95: No
B96: Anas | C96: Ahmet | D96: =Table5[[#This Row],[First name]]&" "&Table5[[#This Row],[Last name]] -> Anas Ahmet | E96: =_xlfn.XLOOKUP(Table5[[#This Row],[Full name]],Table26[Name],Table26[Role],"Member",0,1) -> Member | F96: Verified | G96: {=COUNTIF(Table5[[#This Row],[September 30, 2025]:[April 7, 2026]],"Yes")/SUMPRODUCT(--(DATEVALUE(Table5[[#Headers],[September 30, 2025]:[April 9, 2026]])<=TODAY()))} -> 0.05 | O96: yes | P96: No | Q96: No | R96: No | S96: No | T96: No | U96: No | V96: No | W96: No | X96: No | Y96: No | Z96: No | AA96: No | AB96: No | AC96: No | AD96: No | AE96: No | AF96: No | AG96: No | AH96: No | AI96: No | AJ96: No
B97: Andres | C97: Pedreros | D97: =Table5[[#This Row],[First name]]&" "&Table5[[#This Row],[Last name]] -> Andres Pedreros | E97: =_xlfn.XLOOKUP(Table5[[#This Row],[Full name]],Table26[Name],Table26[Role],"Member",0,1) -> Member | F97: Verified | G97: {=COUNTIF(Table5[[#This Row],[September 30, 2025]:[April 7, 2026]],"Yes")/SUMPRODUCT(--(DATEVALUE(Table5[[#Headers],[September 30, 2025]:[April 9, 2026]])<=TODAY()))} -> 0.05 | S97: Yes | T97: No | V97: No | X97: No | AA97: No
B98: Andrew | C98: Liu | D98: =Table5[[#This Row],[First name]]&" "&Table5[[#This Row],[Last name]] -> Andrew Liu | E98: =_xlfn.XLOOKUP(Table5[[#This Row],[Full name]],Table26[Name],Table26[Role],"Member",0,1) -> Member | F98: Verified | G98: {=COUNTIF(Table5[[#This Row],[September 30, 2025]:[April 7, 2026]],"Yes")/SUMPRODUCT(--(DATEVALUE(Table5[[#Headers],[September 30, 2025]:[April 9, 2026]])<=TODAY()))} -> 0.5 | H98: No | I98: No | J98: Yes | K98: Yes | L98: No | M98: Yes | N98: No | O98: No | P98: No | Q98: No | R98: No | S98: Yes | T98: Yes | U98: Yes | V98: Yes | W98: Yes | X98: No | Y98: No | Z98: Yes | AA98: Yes | AB98: No | AC98: No | AD98: No | AE98: No | AF98: No | AG98: No | AH98: No | AI98: No | AJ98: No
B99: Anil | C99: Maharaj | D99: =Table5[[#This Row],[First name]]&" "&Table5[[#This Row],[Last name]] -> Anil Maharaj | E99: =_xlfn.XLOOKUP(Table5[[#This Row],[Full name]],Table26[Name],Table26[Role],"Member",0,1) -> Member | F99: Verified | G99: {=COUNTIF(Table5[[#This Row],[September 30, 2025]:[April 7, 2026]],"Yes")/SUMPRODUCT(--(DATEVALUE(Table5[[#Headers],[September 30, 2025]:[April 9, 2026]])<=TODAY()))} -> 0.05 | H99: No | I99: No | J99: Yes | K99: No | L99: No | M99: No | N99: No | O99: No | P99: No | Q99: No | R99: No | S99: No | T99: No | U99: No | V99: No | W99: No | X99: No | Y99: No | Z99: No | AA99: No | AB99: No | AC99: No | AD99: No | AE99: No | AF99: No | AG99: No | AH99: No | AI99: No | AJ99: No
B100: Anthony | C100: Braccio | D100: =Table5[[#This Row],[First name]]&" "&Table5[[#This Row],[Last name]] -> Anthony Braccio | E100: =_xlfn.XLOOKUP(Table5[[#This Row],[Full name]],Table26[Name],Table26[Role],"Member",0,1) -> Member | F100: Verified | G100: {=COUNTIF(Table5[[#This Row],[September 30, 2025]:[April 7, 2026]],"Yes")/SUMPRODUCT(--(DATEVALUE(Table5[[#Headers],[September 30, 2025]:[April 9, 2026]])<=TODAY()))} -> 0.45 | H100: No | I100: No | J100: No | K100: No | L100: Yes | M100: Yes | N100: Yes | O100: Yes | P100: Yes | Q100: Yes | R100: Yes | S100: No | T100: Yes | U100: Yes | V100: No | W100: No | X100: No | Y100: No | Z100: No | AA100: No | AB100: No | AC100: No | AD100: No | AE100: No | AF100: No | AG100: No | AH100: No | AI100: No | AJ100: No
B101: Anthony | C101: Di Pasquale | D101: =Table5[[#This Row],[First name]]&" "&Table5[[#This Row],[Last name]] -> Anthony Di Pasquale | E101: =_xlfn.XLOOKUP(Table5[[#This Row],[Full name]],Table26[Name],Table26[Role],"Member",0,1) -> Member | F101: Verified | G101: {=COUNTIF(Table5[[#This Row],[September 30, 2025]:[April 7, 2026]],"Yes")/SUMPRODUCT(--(DATEVALUE(Table5[[#Headers],[September 30, 2025]:[April 9, 2026]])<=TODAY()))} -> 0.35 | H101: No | I101: No | J101: Yes | K101: Yes | L101: No | M101: No | N101: No | O101: Yes | P101: Yes | Q101: No | R101: No | S101: No | T101: No | U101: No | V101: No | W101: Yes | X101: Yes | Y101: Yes | Z101: No | AA101: No | AB101: No | AC101: No | AD101: No | AE101: No | AF101: No | AG101: No | AH101: No | AI101: No | AJ101: No
B102: Anush | C102: Subasan | D102: =Table5[[#This Row],[First name]]&" "&Table5[[#This Row],[Last name]] -> Anush Subasan | E102: =_xlfn.XLOOKUP(Table5[[#This Row],[Full name]],Table26[Name],Table26[Role],"Member",0,1) -> Member | F102: Verified | G102: {=COUNTIF(Table5[[#This Row],[September 30, 2025]:[April 7, 2026]],"Yes")/SUMPRODUCT(--(DATEVALUE(Table5[[#Headers],[September 30, 2025]:[April 9, 2026]])<=TODAY()))} -> 0.1 | H102: No | I102: No | J102: No | K102: Yes | L102: Yes | M102: No | N102: No | O102: No | P102: No | Q102: No | R102: No | S102: No | T102: No | U102: No | V102: No | W102: No | X102: No | Y102: No | Z102: No | AA102: No | AB102: No | AC102: No | AD102: No | AE102: No | AF102: No | AG102: No | AH102: No | AI102: No | AJ102: No
B103: Arad | C103: Farrahi | D103: =Table5[[#This Row],[First name]]&" "&Table5[[#This Row],[Last name]] -> Arad Farrahi | E103: =_xlfn.XLOOKUP(Table5[[#This Row],[Full name]],Table26[Name],Table26[Role],"Member",0,1) -> Member | F103: Verified | G103: {=COUNTIF(Table5[[#This Row],[September 30, 2025]:[April 7, 2026]],"Yes")/SUMPRODUCT(--(DATEVALUE(Table5[[#Headers],[September 30, 2025]:[April 9, 2026]])<=TODAY()))} -> 0.1 | H103: No | I103: No | J103: No | K103: Yes | L103: No | M103: No | N103: No | O103: No | P103: No | Q103: No | R103: No | S103: Yes | T103: No | U103: No | V103: No | W103: No | X103: No | Y103: No | Z103: No | AA103: No | AB103: No | AC103: No | AD103: No | AE103: No | AF103: No | AG103: No | AH103: No | AI103: No | AJ103: No
B104: Arad | C104: Sahebjamei | D104: =Table5[[#This Row],[First name]]&" "&Table5[[#This Row],[Last name]] -> Arad Sahebjamei | E104: =_xlfn.XLOOKUP(Table5[[#This Row],[Full name]],Table26[Name],Table26[Role],"Member",0,1) -> Member | F104: Verified | G104: {=COUNTIF(Table5[[#This Row],[September 30, 2025]:[April 7, 2026]],"Yes")/SUMPRODUCT(--(DATEVALUE(Table5[[#Headers],[September 30, 2025]:[April 9, 2026]])<=TODAY()))} -> 0.1 | Q104: Yes | R104: No | S104: No | T104: No | U104: No | V104: No | W104: No | X104: No | Y104: No | Z104: No | AA104: Yes | AB104: No | AC104: No | AD104: No | AE104: No | AF104: No | AG104: No | AH104: No | AI104: No | AJ104: No
B105: Ari | C105: Citak | D105: =Table5[[#This Row],[First name]]&" "&Table5[[#This Row],[Last name]] -> Ari Citak | E105: =_xlfn.XLOOKUP(Table5[[#This Row],[Full name]],Table26[Name],Table26[Role],"Member",0,1) -> Member | F105: Verified | G105: {=COUNTIF(Table5[[#This Row],[September 30, 2025]:[April 7, 2026]],"Yes")/SUMPRODUCT(--(DATEVALUE(Table5[[#Headers],[September 30, 2025]:[April 9, 2026]])<=TODAY()))} -> 0.05 | H105: No | I105: Yes | J105: No | K105: No | L105: No | M105: No | N105: No | O105: No | P105: No | Q105: No | R105: No | S105: No | T105: No | U105: No | V105: No | W105: No | X105: No | Y105: No | Z105: No | AA105: No | AB105: No | AC105: No | AD105: No | AE105: No | AF105: No | AG105: No | AH105: No | AI105: No | AJ105: No
B106: Arianna | C106: Tan | D106: =Table5[[#This Row],[First name]]&" "&Table5[[#This Row],[Last name]] -> Arianna Tan | E106: =_xlfn.XLOOKUP(Table5[[#This Row],[Full name]],Table26[Name],Table26[Role],"Member",0,1) -> Member | F106: Verified | G106: {=COUNTIF(Table5[[#This Row],[September 30, 2025]:[April 7, 2026]],"Yes")/SUMPRODUCT(--(DATEVALUE(Table5[[#Headers],[September 30, 2025]:[April 9, 2026]])<=TODAY()))} -> 0 | H106: No | I106: No | J106: No | K106: No | L106: No | M106: No | N106: No | O106: No | P106: No | Q106: No | R106: No | S106: No | T106: No | U106: No | V106: No | W106: No | X106: No | Y106: No | Z106: No | AA106: No | AB106: No | AC106: No | AD106: No | AE106: No | AF106: No | AG106: No | AH106: No | AI106: No | AJ106: No
B107: Arion | C107: Mestanovski | D107: =Table5[[#This Row],[First name]]&" "&Table5[[#This Row],[Last name]] -> Arion Mestanovski | E107: =_xlfn.XLOOKUP(Table5[[#This Row],[Full name]],Table26[Name],Table26[Role],"Member",0,1) -> Member | F107: Verified | G107: {=COUNTIF(Table5[[#This Row],[September 30, 2025]:[April 7, 2026]],"Yes")/SUMPRODUCT(--(DATEVALUE(Table5[[#Headers],[September 30, 2025]:[April 9, 2026]])<=TODAY()))} -> 0.1 | H107: No | I107: No | J107: Yes | K107: No | L107: No | M107: No | N107: No | O107: No | P107: No | Q107: No | R107: No | S107: No | T107: No | U107: No | V107: No | W107: No | X107: No | Y107: Yes | Z107: No | AA107: No | AB107: No | AC107: No | AD107: No | AE107: No | AF107: No | AG107: No | AH107: No | AI107: No | AJ107: No
B108: Arthur | C108: Schneider | D108: =Table5[[#This Row],[First name]]&" "&Table5[[#This Row],[Last name]] -> Arthur Schneider | E108: =_xlfn.XLOOKUP(Table5[[#This Row],[Full name]],Table26[Name],Table26[Role],"Member",0,1) -> Member | F108: Verified | G108: {=COUNTIF(Table5[[#This Row],[September 30, 2025]:[April 7, 2026]],"Yes")/SUMPRODUCT(--(DATEVALUE(Table5[[#Headers],[September 30, 2025]:[April 9, 2026]])<=TODAY()))} -> 0.05 | S108: Yes | T108: No | V108: No | X108: No | AA108: No
...

Sheet Sheet1
A1: Player Type | B1: Executive
A3: Row Labels | B3: Sum of Attendance Rate
A4: Aaron Kara | B4: 0.3
A5: Aiden Ko | B5: 0 | C5: N
A6: Alan Long | B6: 0.2 | C6: Y
A7: Aman Bains | B7: 0.1
A8: Anna Yu | B8: 0.9
A9: Cole Eisen | B9: 0.3
A10: Cole Korchinski | B10: 0.4
A11: Daniel Dillabough | B11: 0.7
A12: Evelyn Zhang | B12: 0.2 | C12: Y
A13: Forrest Hermary | B13: 0.6
A14: Hao Bai | B14: 0.6
A15: Himaksh Talreja | B15: 0.2
A16: James Kilfoil | B16: 0.3
A17: Jared Lipski | B17: 0.4
A18: Jayden Agarwal | B18: 0.2
A19: Matthew Barclay | B19: 0.7 | E19: Alan Long
A20: Matthew Pape | B20: 0.5 | E20: Yug | F20: Y
A21: Medet Kazbek | B21: 0.5 | E21: Kadin Broomhead | F21: Y
A22: Nathan Visentin | B22: 0.2 | E22: Evelyn Zhang | F22: Y
A23: Noah George | B23: 0.9 | E23: Owen | F23: Y
A24: Noella Or | B24: 0.6 | E24: Gregory | F24: Y
A25: Priyansh Sharma | B25: 0.9 | E25: Mason | F25: Y
A26: Quenifer Lung | B26: 0.1 | E26: Victor | F26: Y
A27: Sanjay Snaidero | B27: 0.2 | E27: Alex | F27: Y
A28: Sawyer Sanderson | B28: 0.7 | E28: Oliver | F28: Y
A29: Zach Brotman | B29: 0.3 | E29: Lawrence | F29: Y
A30: Zack Hao | B30: 0.4 | E30: Aiden Gertler | F30: Y
A31: Grand Total | B31: 11.4 | E31: Divya | F31: Y

Sheet Weekly Rankings
D1: =SUM(D2:D3) -> 143 | E1: =SUM(E2:E3) -> 0 | F1: =SUM(F2:F3) -> 0 | G1: =SUM(G2:G3) -> 715000 | H1: =SUM(H2:H3) -> 0 | I1: =SUM(I2:I3) -> 0 | J1: =SUM(J2:J3) -> 141 | K1: =SUM(K2:K3) -> 0 | ... CS1: =SUM(CS2:CS3) -> 470000 | CU1: =SUM(CU2:CU3) -> 0 | CV1: =SUM(CV2:CV3) -> 88 | CW1: =SUM(CW2:CW3) -> 0 | CX1: =SUM(CX2:CX3) -> 0 | CY1: =SUM(CY2:CY3) -> 440000 | DA1: =SUM(DA2:DA3) -> 0 | DB1: =SUM(DB2:DB3) -> 157 | DC1: =SUM(DC2:DC3) -> 0 | DD1: =SUM(DD2:DD3) -> 0 | DE1: =SUM(DE2:DE3) -> 785000 | DG1: =SUM(DG2:DG3) -> 0 | DH1: =SUM(DH2:DH3) -> 97 | DI1: =SUM(DI2:DI3) -> 0 | DJ1: =SUM(DJ2:DJ3) -> 0 | DK1: =SUM(DK2:DK3) -> 485000 | DM1: =SUM(DM2:DM3) -> 0 | DN1: =SUM(DN2:DN3) -> 135 | DO1: =SUM(DO2:DO3) -> 0 | DP1: =SUM(DP2:DP3) -> 0 | DQ1: =SUM(DQ2:DQ3) -> 675020
C2: # Players | D2: {=SUMPRODUCT(--(LEN(Table4[Name])>0))} -> 110 | F2: # Players left | G2: =D2-D4 -> 0 | I2: # Players | J2: {=SUMPRODUCT(--(LEN(Table9[Name])>0))} -> 88 | L2: # Players left | M2: =J2-J4 -> 0 | O2: # Players | P2: {=SUMPRODUCT(--(LEN(Table18[Name])>0))} -> 100 | R2: # Players left | S2: =P2-P4 -> 0 | U2: # Players | V2: {=SUMPRODUCT(--(LEN(Table2[Name])>0))} -> 85 | X2: # Players left | Y2: =V2-V4 -> 0 | AA2: # Players | AB2: {=SUMPRODUCT(--(LEN(Table211[Name])>0))} -> 72 | AD2: # Players left | AE2: =AB2-AB4 -> 0 | AG2: # Players | AH2: {=SUMPRODUCT(--(LEN(Table21112[Name])>0))} -> 79 | AJ2: # Players left | AK2: =AH2-AH4 -> 0 | AM2: # Players | AN2: {=SUMPRODUCT(--(LEN(Table21112164[Name])>0))} -> 90 | AP2: # Players left | AQ2: =AN2-AN4 -> 0 | AS2: # Players | AT2: {=SUMPRODUCT(--(LEN(Table2111216420[Name])>0))} -> 95 | AV2: # Players left | AW2: =AT2-AT4 -> 0 | AY2: # Players | AZ2: {=SUMPRODUCT(--(LEN(Table211121642021[Name])>0))} -> 94 | BB2: # Players left | BC2: =AZ2-AZ4 -> 0 | BE2: # Players | BF2: {=SUMPRODUCT(--(LEN(Table21112164202122[Name])>0))} -> 89 | BH2: # Players left | BI2: =BF2-BF4 -> 0 | BK2: # Players | BL2: {=SUMPRODUCT(--(LEN(Table2111216420212223[Name])>0))} -> 92 | BN2: # Players left | BO2: =BL2-BL4 -> 0 | BQ2: # Players | BR2: {=SUMPRODUCT(--(LEN(Table211121642021222325[Name])>0))} -> 92 | BT2: # Players left | BU2: =BR2-BR4 -> 0 | BW2: # Players | BX2: {=SUMPRODUCT(--(LEN(Table21112164202122232534[Name])>0))} -> 92 | BZ2: # Players left | CA2: =BX2-BX4 -> 0 | CC2: # Players | CD2: {=SUMPRODUCT(--(LEN(Table2111216420212223253435[Name])>0))} -> 76 | CF2: # Players left | CG2: =CD2-CD4 -> 0 | CI2: # Players | CJ2: {=SUMPRODUCT(--(LEN(Table211121642021222325343536[Name])>0))} -> 67 | CK2: IF('Weekly Attendance'!x6="Yes",'Weekly Attendance'!$D6,"") | CL2: # Players left | CM2: =CJ2-CJ4 -> 0 | CO2: # Players | CP2: {=SUMPRODUCT(--(LEN(Table21112164202122232534353637[Name])>0))} -> 59 | CQ2: IF('Weekly Attendance'!x6="Yes",'Weekly Attendance'!$D6,"") | CR2: # Players left | CS2: =CP2-CP4 -> 0 | CU2: # Players | CV2: {=SUMPRODUCT(--(LEN(Table2111216420212223253435363738[Name])>0))} -> 56 | CW2: IF('Weekly Attendance'!x6="Yes",'Weekly Attendance'!$D6,"") | CX2: # Players left | CY2: =CV2-CV4 -> 0 | DA2: # Players | DB2: {=SUMPRODUCT(--(LEN(Table2111216420212223253435363739[Name])>0))} -> 100 | DC2: IF('Weekly Attendance'!x6="Yes",'Weekly Attendance'!$D6,"") | DD2: # Players left | DE2: =DB2-DB4 -> 0 | DG2: # Players | DH2: {=SUMPRODUCT(--(LEN(Table211121642021222325343536373841[Name])>0))} -> 60 | DI2: IF('Weekly Attendance'!x6="Yes",'Weekly Attendance'!$D6,"") | DJ2: # Players left | DK2: =DH2-DH4 -> 0 | DM2: # Players | DN2: {=SUMPRODUCT(--(LEN(Table21112164202122232534353637384140[Name])>0))} -> 82 | DO2: IF('Weekly Attendance'!x6="Yes",'Weekly Attendance'!$D6,"") | DP2: # Players left | DQ2: =DN2-DN4 -> 20
C3: # Rebuys | D3: {=SUMPRODUCT(--(Table4[Rebuy]<>""))} -> 33 | F3: Total chips: | G3: =5000*(D2+D3) -> 715000 | I3: # Rebuys | J3: {=SUMPRODUCT(--(Table9[Rebuy]<>""))} -> 53 | L3: Total chips: | M3: =5000*(J2+J3) -> 705000 | O3: # Rebuys | P3: {=SUMPRODUCT(--(Table18[Rebuy]<>""))} -> 45 | R3: Total chips: | S3: =5000*(P2+P3) -> 725000 | U3: # Rebuys | V3: {=SUMPRODUCT(--(Table2[Rebuy]<>""))} -> 47 | X3: Total chips: | Y3: =5000*(V2+V3) -> 660000 | AA3: # Rebuys | AB3: {=SUMPRODUCT(--(Table211[Rebuy]<>""))} -> 45 | AD3: Total chips: | AE3: =5000*(AB2+AB3) -> 585000 | AG3: # Rebuys | AH3: {=SUMPRODUCT(--(Table21112[Rebuy]<>""))} -> 44 | AJ3: Total chips: | AK3: =5000*(AH2+AH3) -> 615000 | AM3: # Rebuys | AN3: {=SUMPRODUCT(--(Table21112164[Rebuy]<>""))} -> 52 | AP3: Total chips: | AQ3: =5000*(AN2+AN3) -> 710000 | AS3: # Rebuys | AT3: {=SUMPRODUCT(--(Table2111216420[Rebuy]<>""))} -> 62 | AV3: Total chips: | AW3: =5000*(AT2+AT3) -> 785000 | AY3: # Rebuys | AZ3: {=SUMPRODUCT(--(Table211121642021[Rebuy]<>""))} -> 46 | BB3: Total chips: | BC3: =5000*(AZ2+AZ3) -> 700000 | BE3: # Rebuys | BF3: {=SUMPRODUCT(--(Table21112164202122[Rebuy]<>""))} -> 45 | BH3: Total chips: | BI3: =5000*(BF2+BF3) -> 670000 | BK3: # Rebuys | BL3: {=SUMPRODUCT(--(Table2111216420212223[Rebuy]<>""))} -> 39 | BN3: Total chips: | BO3: =5000*(BL2+BL3) -> 655000 | BQ3: # Rebuys | BR3: {=SUMPRODUCT(--(Table211121642021222325[Rebuy]<>""))} -> 47 | BT3: Total chips: | BU3: =5000*(BR2+BR3) -> 695000 | BW3: # Rebuys | BX3: {=SUMPRODUCT(--(Table21112164202122232534[Rebuy]<>""))} -> 52 | BZ3: Total chips: | CA3: =5000*(BX2+BX3) -> 720000 | CC3: # Rebuys | CD3: {=SUMPRODUCT(--(Table2111216420212223253435[Rebuy]<>""))} -> 38 | CF3: Total chips: | CG3: =5000*(CD2+CD3) -> 570000 | CI3: # Rebuys | CJ3: {=SUMPRODUCT(--(Table211121642021222325343536[Rebuy]<>""))} -> 67 | CL3: Total chips: | CM3: =5000*(CJ2+CJ3) -> 670000 | CO3: # Rebuys | CP3: {=SUMPRODUCT(--(Table21112164202122232534353637[Rebuy]<>""))} -> 35 | CR3: Total chips: | CS3: =5000*(CP2+CP3) -> 470000 | CU3: # Rebuys | CV3: {=SUMPRODUCT(--(Table2111216420212223253435363738[Rebuy]<>""))} -> 32 | CX3: Total chips: | CY3: =5000*(CV2+CV3) -> 440000 | DA3: # Rebuys | DB3: {=SUMPRODUCT(--(Table2111216420212223253435363739[Rebuy]<>""))} -> 57 | DD3: Total chips: | DE3: =5000*(DB2+DB3) -> 785000 | DG3: # Rebuys | DH3: {=SUMPRODUCT(--(Table211121642021222325343536373841[Rebuy]<>""))} -> 37 | DJ3: Total chips: | DK3: =5000*(DH2+DH3) -> 485000 | DM3: # Rebuys | DN3: {=SUMPRODUCT(--(Table21112164202122232534353637384140[Rebuy]<>""))} -> 53 | DP3: Total chips: | DQ3: =5000*(DN2+DN3) -> 675000
C4: #Bust-outs | D4: {=SUMPRODUCT(--(Table4[Time]<>""))} -> 110 | F4: Average Stack | G4: =IFERROR(G3/G2,"Complete") -> Complete | I4: #Bust-outs | J4: {=SUMPRODUCT(--(Table9[Time]<>""))} -> 88 | L4: Average Stack | M4: =IFERROR(M3/M2,"Complete") -> Complete | O4: #Bust-outs | P4: {=SUMPRODUCT(--(Table18[Time]<>""))} -> 100 | R4: Average Stack | S4: =IFERROR(S3/S2,"Complete") -> Complete | U4: #Bust-outs | V4: {=SUMPRODUCT(--(Table2[True Rank]<>""))} -> 85 | X4: Average Stack | Y4: =IFERROR(Y3/Y2,"Complete") -> Complete | AA4: #Bust-outs | AB4: {=SUMPRODUCT(--(Table211[Time]<>""))} -> 72 | AD4: Average Stack | AE4: =IFERROR(AE3/AE2,"Complete") -> Complete | AG4: #Bust-outs | AH4: {=SUMPRODUCT(--(Table21112[Time]<>""))} -> 79 | AJ4: Average Stack | AK4: =IFERROR(AK3/AK2,"Complete") -> Complete | AM4: #Bust-outs | AN4: {=SUMPRODUCT(--(Table21112164[Time]<>""))} -> 90 | AP4: Average Stack | AQ4: =IFERROR(AQ3/AQ2,"Complete") -> Complete | AS4: #Bust-outs | AT4: {=SUMPRODUCT(--(Table2111216420[Time]<>""))} -> 95 | AV4: Average Stack | AW4: =IFERROR(AW3/AW2,"Complete") -> Complete | AY4: #Bust-outs | AZ4: {=SUMPRODUCT(--(Table211121642021[Time]<>""))} -> 94 | BB4: Average Stack | BC4: =IFERROR(BC3/BC2,"Complete") -> Complete | BE4: #Bust-outs | BF4: {=SUMPRODUCT(--(Table21112164202122[Time]<>""))} -> 89 | BH4: Average Stack | BI4: =IFERROR(BI3/BI2,"Complete") -> Complete | BK4: #Bust-outs | BL4: {=SUMPRODUCT(--(Table2111216420212223[Time]<>""))} -> 92 | BN4: Average Stack | BO4: =IFERROR(BO3/BO2,"Complete") -> Complete | BQ4: #Bust-outs | BR4: {=SUMPRODUCT(--(Table211121642021222325[Time]<>""))} -> 92 | BT4: Average Stack | BU4: =IFERROR(BU3/BU2,"Complete") -> Complete | BW4: #Bust-outs | BX4: {=SUMPRODUCT(--(Table21112164202122232534[Time]<>""))} -> 92 | BZ4: Average Stack | CA4: =IFERROR(CA3/CA2,"Complete") -> Complete | CC4: #Bust-outs | CD4: {=SUMPRODUCT(--(Table2111216420212223253435[Time]<>""))} -> 76 | CF4: Average Stack | CG4: =IFERROR(CG3/CG2,"Complete") -> Complete | CI4: #Bust-outs | CJ4: {=SUMPRODUCT(--(Table211121642021222325343536[Time]<>""))} -> 67 | CL4: Average Stack | CM4: =IFERROR(CM3/CM2,"Complete") -> Complete | CO4: #Bust-outs | CP4: {=SUMPRODUCT(--(Table21112164202122232534353637[Time]<>""))} -> 59 | CR4: Average Stack | CS4: =IFERROR(CS3/CS2,"Complete") -> Complete | CU4: #Bust-outs | CV4: {=SUMPRODUCT(--(Table2111216420212223253435363738[Time]<>""))} -> 56 | CX4: Average Stack | CY4: =IFERROR(CY3/CY2,"Complete") -> Complete | DA4: #Bust-outs | DB4: {=SUMPRODUCT(--(Table2111216420212223253435363739[Time]<>""))} -> 100 | DC4: ctrl + shift + ; | DD4: Average Stack | DE4: =IFERROR(DE3/DE2,"Complete") -> Complete | DG4: #Bust-outs | DH4: {=SUMPRODUCT(--(Table211121642021222325343536373841[Time]<>""))} -> 60 | DJ4: Average Stack | DK4: =IFERROR(DK3/DK2,"Complete") -> Complete | DM4: #Bust-outs | DN4: {=SUMPRODUCT(--(Table21112164202122232534353637384140[Time]<>""))} -> 62 | DP4: Average Stack | DQ4: =IFERROR(DQ3/DQ2,"Complete") -> 33750
CI5: Sort this column Z-A | CO5: Sort this column Z-A | CQ5: ctrl + shift + ; | CU5: Sort this column Z-A | CW5: ctrl + shift + ; | DA5: Sort this column Z-A | DB5: BOUNTY HUNTER TOURNAMENT | DG5: Sort this column Z-A | DI5: ctrl + shift + ; | DM5: Sort this column Z-A | DO5: ctrl + shift + ;
C6: =Structures!O3 -> 45930 | I6: =Structures!O4 -> 45932 | O6: 45939 | U6: =Structures!O6 -> 45944 | AA6: 45953 | AG6: 45958 | AM6: 45974 | AS6: 45979 | AY6: 45988 | BE6: 45993 | BK6: 46049 | BQ6: 46056 | BW6: 46058 | CC6: 46063 | CI6: 46065 | CO6: 46077 | CU6: 46079 | DA6: 46084 | DG6: 46086 | DM6: 46091
A7: Rank | C7: Name | D7: Rebuy | E7: Time | F7: True Rank | G7: Points | I7: Name | J7: Rebuy | K7: Time | L7: True Rank | M7: Points | O7: Name | P7: Rebuy | Q7: Time | R7: True Rank | S7: Points | U7: Name | V7: Rebuy | W7: Time | X7: True Rank | Y7: Points | AA7: Name | AB7: Rebuy | AC7: Time | AD7: True Rank | AE7: Points | AG7: Name | AH7: Rebuy | AI7: Time | AJ7: True Rank | AK7: Points | AM7: Name | AN7: Rebuy | AO7: Time | AP7: True Rank | AQ7: Points | AS7: Name | AT7: Rebuy | AU7: Time | AV7: True Rank | AW7: Points | AY7: Name | AZ7: Rebuy | BA7: Time | BB7: True Rank | BC7: Points | BE7: Name | BF7: Rebuy | BG7: Time | BH7: True Rank | BI7: Points | BK7: Name | BL7: Rebuy | BM7: Time | BN7: True Rank | BO7: Points | BQ7: Name | BR7: Rebuy | BS7: Time | BT7: True Rank | BU7: Points | BW7: Name | BX7: Rebuy | BY7: Time | BZ7: True Rank | CA7: Points | CC7: Name | CD7: Rebuy | CE7: Time | CF7: True Rank | CG7: Points | CI7: Name | CJ7: Rebuy | CK7: Time | CL7: True Rank | CM7: Points | CO7: Name | CP7: Rebuy | CQ7: Time | CR7: True Rank | CS7: Points | CU7: Name | CV7: Rebuy | CW7: Time | CX7: True Rank | CY7: Points | DA7: Name | DB7: Rebuy | DC7: Time | DD7: True Rank | DE7: Points | DG7: Name | DH7: Rebuy | DI7: Time | DJ7: True Rank | DK7: Points | DM7: Name | DN7: Rebuy | DO7: Time | DP7: True Rank | DQ7: Points
A8: 1 | C8: Samuel Sax-Marton | E8: 0.97916667 | F8: =IFERROR(IF(Table4[[#This Row],[Name]]="","",IFERROR(IF(Table4[[#This Row],[Time]]="","TBD",D$2-COUNTIF(Table4[Time],"<"&Table4[[#This Row],[Time]])),""))-(COUNTIF(Table4[Time],Table4[[#This Row],[Time]])-1),"") -> 1 | G8: {=IF(ISNUMBER(Table4[[#This Row],[True Rank]])=TRUE,ROUNDUP(IF(Table4[[#This Row],[Rebuy]]="Yes",75%,100%)*_xlfn.IFS(Table4[[#This Row],[True Rank]]=Structures!$B$3,Structures!$D$3,Table4[[#This Row],[True Rank]]=Structures!$B$4,Structures!$D$4,Table4[[#This Row],[True Rank]]=Structures!$B$5,Structures!$D$5,Table4[[#This Row],[True Rank]]<Structures!$C$6,Structures!$D$6,Table4[[#This Row],[True Rank]]<=_xlfn.PERCENTILE.INC(Table4[True Rank],Structures!$C$7),Structures!$D$7,Table4[[#This Row],[True Rank]]<=_xlfn.PERCENTILE.INC(Table4[True Rank],Structures!$C$8),Structures!$D$8,Table4[[#This Row],[True Rank]]<=_xlfn.PERCENTILE.INC(Table4[True Rank],Structures!$C$9),Structures!$D$9),0),Table4[[#This Row],[True Rank]])} -> 50 | I8: Gabe Mclellan | K8: 0.90833333 | L8: =IFERROR(IF(Table9[[#This Row],[Name]]="","",IFERROR(IF(Table9[[#This Row],[Time]]="","TBD",J$2-COUNTIF(Table9[Time],"<"&Table9[[#This Row],[Time]])),""))-(COUNTIF(Table9[Time],Table9[[#This Row],[Time]])-1),"") -> 1 | M8: {=IF(ISNUMBER(Table9[[#This Row],[True Rank]])=TRUE,ROUNDUP(IF(Table9[[#This Row],[Rebuy]]="Yes",75%,100%)*_xlfn.IFS(Table9[[#This Row],[True Rank]]=Structures!$B$3,Structures!$D$3,Table9[[#This Row],[True Rank]]=Structures!$B$4,Structures!$D$4,Table9[[#This Row],[True Rank]]=Structures!$B$5,Structures!$D$5,Table9[[#This Row],[True Rank]]<Structures!$C$6,Structures!$D$6,Table9[[#This Row],[True Rank]]<=_xlfn.PERCENTILE.INC(Table9[True Rank],Structures!$C$7),Structures!$D$7,Table9[[#This Row],[True Rank]]<=_xlfn.PERCENTILE.INC(Table9[True Rank],Structures!$C$8),Structures!$D$8,Table9[[#This Row],[True Rank]]<=_xlfn.PERCENTILE.INC(Table9[True Rank],Structures!$C$9),Structures!$D$9),0),Table9[[#This Row],[True Rank]])} -> 50 | O8: Edison Li | Q8: 0.9125 | R8: =IFERROR(IF(Table18[[#This Row],[Name]]="","",IFERROR(IF(Table18[[#This Row],[Time]]="","TBD",P$2-COUNTIF(Table18[Time],"<"&Table18[[#This Row],[Time]])),""))-(COUNTIF(Table18[Time],Table18[[#This Row],[Time]])-1),"") -> 1 | S8: {=IF(ISNUMBER(Table18[[#This Row],[True Rank]])=TRUE,ROUNDUP(IF(Table18[[#This Row],[Rebuy]]="Yes",75%,100%)*_xlfn.IFS(Table18[[#This Row],[True Rank]]=Structures!$B$3,Structures!$D$3,Table18[[#This Row],[True Rank]]=Structures!$B$4,Structures!$D$4,Table18[[#This Row],[True Rank]]=Structures!$B$5,Structures!$D$5,Table18[[#This Row],[True Rank]]<Structures!$C$6,Structures!$D$6,Table18[[#This Row],[True Rank]]<=_xlfn.PERCENTILE.INC(Table18[True Rank],Structures!$C$7),Structures!$D$7,Table18[[#This Row],[True Rank]]<=_xlfn.PERCENTILE.INC(Table18[True Rank],Structures!$C$8),Structures!$D$8,Table18[[#This Row],[True Rank]]<=_xlfn.PERCENTILE.INC(Table18[True Rank],Structures!$C$9),Structures!$D$9),0),Table18[[#This Row],[True Rank]])} -> 50 | U8: Daniel Musoni | V8: Yes | W8: 0.96527778 | X8: =IFERROR(IF(Table2[[#This Row],[Name]]="","",IFERROR(IF(Table2[[#This Row],[Time]]="","TBD",V$2-COUNTIF(Table2[Time],"<"&Table2[[#This Row],[Time]])),""))-(COUNTIF(Table2[Time],Table2[[#This Row],[Time]])-1),"") -> 1 | Y8: {=IF(ISNUMBER(Table2[[#This Row],[True Rank]])=TRUE,ROUNDUP(IF(Table2[[#This Row],[Rebuy]]="Yes",75%,100%)*_xlfn.IFS(Table2[[#This Row],[True Rank]]=Structures!$B$3,Structures!$D$3,Table2[[#This Row],[True Rank]]=Structures!$B$4,Structures!$D$4,Table2[[#This Row],[True Rank]]=Structures!$B$5,Structures!$D$5,Table2[[#This Row],[True Rank]]<Structures!$C$6,Structures!$D$6,Table2[[#This Row],[True Rank]]<=_xlfn.PERCENTILE.INC(Table2[True Rank],Structures!$C$7),Structures!$D$7,Table2[[#This Row],[True Rank]]<=_xlfn.PERCENTILE.INC(Table2[True Rank],Structures!$C$8),Structures!$D$8,Table2[[#This Row],[True Rank]]<=_xlfn.PERCENTILE.INC(Table2[True Rank],Structures!$C$9),Structures!$D$9),0),Table2[[#This Row],[True Rank]])} -> 38 | AA8: Sam Ahn | AC8: 0.93263889 | AD8: =IFERROR(IF(Table211[[#This Row],[Name]]="","",IFERROR(IF(Table211[[#This Row],[Time]]="","TBD",AB$2-COUNTIF(Table211[Time],"<"&Table211[[#This Row],[Time]])),""))-(COUNTIF(Table211[Time],Table211[[#This Row],[Time]])-1),"") -> 1 | AE8: {=IF(ISNUMBER(Table211[[#This Row],[True Rank]])=TRUE,ROUNDUP(IF(Table211[[#This Row],[Rebuy]]="Yes",75%,100%)*_xlfn.IFS(Table211[[#This Row],[True Rank]]=Structures!$B$3,Structures!$D$3,Table211[[#This Row],[True Rank]]=Structures!$B$4,Structures!$D$4,Table211[[#This Row],[True Rank]]=Structures!$B$5,Structures!$D$5,Table211[[#This Row],[True Rank]]<Structures!$C$6,Structures!$D$6,Table211[[#This Row],[True Rank]]<=_xlfn.PERCENTILE.INC(Table211[True Rank],Structures!$C$7),Structures!$D$7,Table211[[#This Row],[True Rank]]<=_xlfn.PERCENTILE.INC(Table211[True Rank],Structures!$C$8),Structures!$D$8,Table211[[#This Row],[True Rank]]<=_xlfn.PERCENTILE.INC(Table211[True Rank],Structures!$C$9),Structures!$D$9),0),Table211[[#This Row],[True Rank]])} -> 50 | AG8: Ian Imrie | AI8: 0.9375 | AJ8: =IFERROR(IF(Table21112[[#This Row],[Name]]="","",IFERROR(IF(Table21112[[#This Row],[Time]]="","TBD",AH$2-COUNTIF(Table21112[Time],"<"&Table21112[[#This Row],[Time]])),""))-(COUNTIF(Table21112[Time],Table21112[[#This Row],[Time]])-1),"") -> 1 | AK8: {=IF(ISNUMBER(Table21112[[#This Row],[True Rank]])=TRUE,ROUNDUP(IF(Table21112[[#This Row],[Rebuy]]="Yes",75%,100%)*_xlfn.IFS(Table21112[[#This Row],[True Rank]]=Structures!$B$3,Structures!$D$3,Table21112[[#This Row],[True Rank]]=Structures!$B$4,Structures!$D$4,Table21112[[#This Row],[True Rank]]=Structures!$B$5,Structures!$D$5,Table21112[[#This Row],[True Rank]]<Structures!$C$6,Structures!$D$6,Table21112[[#This Row],[True Rank]]<=_xlfn.PERCENTILE.INC(Table21112[True Rank],Structures!$C$7),Structures!$D$7,Table21112[[#This Row],[True Rank]]<=_xlfn.PERCENTILE.INC(Table21112[True Rank],Structures!$C$8),Structures!$D$8,Table21112[[#This Row],[True Rank]]<=_xlfn.PERCENTILE.INC(Table21112[True Rank],Structures!$C$9),Structures!$D$9),0),Table21112[[#This Row],[True Rank]])} -> 50 | AM8: Matthew Fernandes | AO8: 0.94583333 | AP8: =IFERROR(IF(Table21112164[[#This Row],[Name]]="","",IFERROR(IF(Table21112164[[#This Row],[Time]]="","TBD",AN$2-COUNTIF(Table21112164[Time],"<"&Table21112164[[#This Row],[Time]])),""))-(COUNTIF(Table21112164[Time],Table21112164[[#This Row],[Time]])-1),"") -> 1 | AQ8: {=IF(ISNUMBER(Table21112164[[#This Row],[True Rank]])=TRUE,ROUNDUP(IF(Table21112164[[#This Row],[Rebuy]]="Yes",75%,100%)*_xlfn.IFS(Table21112164[[#This Row],[True Rank]]=Structures!$B$3,Structures!$D$3,Table21112164[[#This Row],[True Rank]]=Structures!$B$4,Structures!$D$4,Table21112164[[#This Row],[True Rank]]=Structures!$B$5,Structures!$D$5,Table21112164[[#This Row],[True Rank]]<Structures!$C$6,Structures!$D$6,Table21112164[[#This Row],[True Rank]]<=_xlfn.PERCENTILE.INC(Table21112164[True Rank],Structures!$C$7),Structures!$D$7,Table21112164[[#This Row],[True Rank]]<=_xlfn.PERCENTILE.INC(Table21112164[True Rank],Structures!$C$8),Structures!$D$8,Table21112164[[#This Row],[True Rank]]<=_xlfn.PERCENTILE.INC(Table21112164[True Rank],Structures!$C$9),Structures!$D$9),0),Table21112164[[#This Row],[True Rank]])} -> 50 | AS8: Eric Song | AT8: yes | AU8: 0.95 | AV8: =IFERROR(IF(Table2111216420[[#This Row],[Name]]="","",IFERROR(IF(Table2111216420[[#This Row],[Time]]="","TBD",AT$2-COUNTIF(Table2111216420[Time],"<"&Table2111216420[[#This Row],[Time]])),""))-(COUNTIF(Table2111216420[Time],Table2111216420[[#This Row],[Time]])-1),"") -> 1 | AW8: {=IF(ISNUMBER(Table2111216420[[#This Row],[True Rank]])=TRUE,ROUNDUP(IF(Table2111216420[[#This Row],[Rebuy]]="Yes",75%,100%)*_xlfn.IFS(Table2111216420[[#This Row],[True Rank]]=Structures!$B$3,Structures!$D$3,Table2111216420[[#This Row],[True Rank]]=Structures!$B$4,Structures!$D$4,Table2111216420[[#This Row],[True Rank]]=Structures!$B$5,Structures!$D$5,Table2111216420[[#This Row],[True Rank]]<Structures!$C$6,Structures!$D$6,Table2111216420[[#This Row],[True Rank]]<=_xlfn.PERCENTILE.INC(Table2111216420[True Rank],Structures!$C$7),Structures!$D$7,Table2111216420[[#This Row],[True Rank]]<=_xlfn.PERCENTILE.INC(Table2111216420[True Rank],Structures!$C$8),Structures!$D$8,Table2111216420[[#This Row],[True Rank]]<=_xlfn.PERCENTILE.INC(Table2111216420[True Rank],Structures!$C$9),Structures!$D$9),0),Table2111216420[[#This Row],[True Rank]])} -> 38 | AY8: Elliott Beames | BA8: 0.95416667 | BB8: =IFERROR(IF(Table211121642021[[#This Row],[Name]]="","",IFERROR(IF(Table211121642021[[#This Row],[Time]]="","TBD",AZ$2-COUNTIF(Table211121642021[Time],"<"&Table211121642021[[#This Row],[Time]])),""))-(COUNTIF(Table211121642021[Time],Table211121642021[[#This Row],[Time]])-1),"") -> 1 | BC8: {=IF(ISNUMBER(Table211121642021[[#This Row],[True Rank]])=TRUE,ROUNDUP(IF(Table211121642021[[#This Row],[Rebuy]]="Yes",75%,100%)*_xlfn.IFS(Table211121642021[[#This Row],[True Rank]]=Structures!$B$3,Structures!$D$3,Table211121642021[[#This Row],[True Rank]]=Structures!$B$4,Structures!$D$4,Table211121642021[[#This Row],[True Rank]]=Structures!$B$5,Structures!$D$5,Table211121642021[[#This Row],[True Rank]]<Structures!$C$6,Structures!$D$6,Table211121642021[[#This Row],[True Rank]]<=_xlfn.PERCENTILE.INC(Table211121642021[True Rank],Structures!$C$7),Structures!$D$7,Table211121642021[[#This Row],[True Rank]]<=_xlfn.PERCENTILE.INC(Table211121642021[True Rank],Structures!$C$8),Structures!$D$8,Table211121642021[[#This Row],[True Rank]]<=_xlfn.PERCENTILE.INC(Table211121642021[True Rank],Structures!$C$9),Structures!$D$9),0),Table211121642021[[#This Row],[True Rank]])} -> 50 | BE8: Pavel Zykmund | BG8: 0.95972222 | BH8: =IFERROR(IF(Table21112164202122[[#This Row],[Name]]="","",IFERROR(IF(Table21112164202122[[#This Row],[Time]]="","TBD",BF$2-COUNTIF(Table21112164202122[Time],"<"&Table21112164202122[[#This Row],[Time]])),""))-(COUNTIF(Table21112164202122[Time],Table21112164202122[[#This Row],[Time]])-1),"") -> 1 | BI8: {=IF(ISNUMBER(Table21112164202122[[#This Row],[True Rank]])=TRUE,ROUNDUP(IF(Table21112164202122[[#This Row],[Rebuy]]="Yes",75%,100%)*_xlfn.IFS(Table21112164202122[[#This Row],[True Rank]]=Structures!$B$3,Structures!$D$3,Table21112164202122[[#This Row],[True Rank]]=Structures!$B$4,Structures!$D$4,Table21112164202122[[#This Row],[True Rank]]=Structures!$B$5,Structures!$D$5,Table21112164202122[[#This Row],[True Rank]]<Structures!$C$6,Structures!$D$6,Table21112164202122[[#This Row],[True Rank]]<=_xlfn.PERCENTILE.INC(Table21112164202122[True Rank],Structures!$C$7),Structures!$D$7,Table21112164202122[[#This Row],[True Rank]]<=_xlfn.PERCENTILE.INC(Table21112164202122[True Rank],Structures!$C$8),Structures!$D$8,Table21112164202122[[#This Row],[True Rank]]<=_xlfn.PERCENTILE.INC(Table21112164202122[True Rank],Structures!$C$9),Structures!$D$9),0),Table21112164202122[[#This Row],[True Rank]])} -> 50 | BK8: Dipraman Ghosh | BM8: 0.94513889 | BN8: =IFERROR(IF(Table2111216420212223[[#This Row],[Name]]="","",IFERROR(IF(Table2111216420212223[[#This Row],[Time]]="","TBD",BL$2-COUNTIF(Table2111216420212223[Time],"<"&Table2111216420212223[[#This Row],[Time]])),""))-(COUNTIF(Table2111216420212223[Time],Table2111216420212223[[#This Row],[Time]])-1),"") -> 1 | BO8: {=IF(ISNUMBER(Table2111216420212223[[#This Row],[True Rank]])=TRUE,ROUNDUP(IF(Table2111216420212223[[#This Row],[Rebuy]]="Yes",75%,100%)*_xlfn.IFS(Table2111216420212223[[#This Row],[True Rank]]=Structures!$B$3,Structures!$D$3,Table2111216420212223[[#This Row],[True Rank]]=Structures!$B$4,Structures!$D$4,Table2111216420212223[[#This Row],[True Rank]]=Structures!$B$5,Structures!$D$5,Table2111216420212223[[#This Row],[True Rank]]<Structures!$C$6,Structures!$D$6,Table2111216420212223[[#This Row],[True Rank]]<=_xlfn.PERCENTILE.INC(Table2111216420212223[True Rank],Structures!$C$7),Structures!$D$7,Table2111216420212223[[#This Row],[True Rank]]<=_xlfn.PERCENTILE.INC(Table2111216420212223[True Rank],Structures!$C$8),Structures!$D$8,Table2111216420212223[[#This Row],[True Rank]]<=_xlfn.PERCENTILE.INC(Table2111216420212223[True Rank],Structures!$C$9),Structures!$D$9),0),Table2111216420212223[[#This Row],[True Rank]])} -> 50 | BQ8: Matthew Pape | BR8: Yes | BS8: 0.92083333 | BT8: =IFERROR(IF(Table211121642021222325[[#This Row],[Name]]="","",IFERROR(IF(Table211121642021222325[[#This Row],[Time]]="","TBD",BR$2-COUNTIF(Table211121642021222325[Time],"<"&Table211121642021222325[[#This Row],[Time]])),""))-(COUNTIF(Table211121642021222325[Time],Table211121642021222325[[#This Row],[Time]])-1),"") -> 1 | BU8: {=IF(ISNUMBER(Table211121642021222325[[#This Row],[True Rank]])=TRUE,ROUNDUP(IF(Table211121642021222325[[#This Row],[Rebuy]]="Yes",75%,100%)*_xlfn.IFS(Table211121642021222325[[#This Row],[True Rank]]=Structures!$B$3,Structures!$D$3,Table211121642021222325[[#This Row],[True Rank]]=Structures!$B$4,Structures!$D$4,Table211121642021222325[[#This Row],[True Rank]]=Structures!$B$5,Structures!$D$5,Table211121642021222325[[#This Row],[True Rank]]<Structures!$C$6,Structures!$D$6,Table211121642021222325[[#This Row],[True Rank]]<=_xlfn.PERCENTILE.INC(_xlfn.SEQUENCE(MAX(Table211121642021222325[True Rank])),Structures!$C$7),Structures!$D$7,Table211121642021222325[[#This Row],[True Rank]]<=_xlfn.PERCENTILE.INC(_xlfn.SEQUENCE(MAX(Table211121642021222325[True Rank])),Structures!$C$8),Structures!$D$8,Table211121642021222325[[#This Row],[True Rank]]<=_xlfn.PERCENTILE.INC(_xlfn.SEQUENCE(MAX(Table211121642021222325[True Rank])),Structures!$C$9),Structures!$D$9),0),Table211121642021222325[[#This Row],[True Rank]])} -> 38 | BW8: Chris Kim | BY8: 0.9375 | BZ8: =IFERROR(IF(Table21112164202122232534[[#This Row],[Name]]="","",IFERROR(IF(Table21112164202122232534[[#This Row],[Time]]="","TBD",BX$2-COUNTIF(Table21112164202122232534[Time],"<"&Table21112164202122232534[[#This Row],[Time]])),""))-(COUNTIF(Table21112164202122232534[Time],Table21112164202122232534[[#This Row],[Time]])-1),"") -> 1 | CA8: {=IF(ISNUMBER(Table21112164202122232534[[#This Row],[True Rank]])=TRUE,ROUNDUP(IF(Table21112164202122232534[[#This Row],[Rebuy]]="Yes",75%,100%)*_xlfn.IFS(Table21112164202122232534[[#This Row],[True Rank]]=Structures!$B$3,Structures!$D$3,Table21112164202122232534[[#This Row],[True Rank]]=Structures!$B$4,Structures!$D$4,Table21112164202122232534[[#This Row],[True Rank]]=Structures!$B$5,Structures!$D$5,Table21112164202122232534[[#This Row],[True Rank]]<Structures!$C$6,Structures!$D$6,Table21112164202122232534[[#This Row],[True Rank]]<=_xlfn.PERCENTILE.INC(_xlfn.SEQUENCE(MAX(Table21112164202122232534[True Rank])),Structures!$C$7),Structures!$D$7,Table21112164202122232534[[#This Row],[True Rank]]<=_xlfn.PERCENTILE.INC(_xlfn.SEQUENCE(MAX(Table21112164202122232534[True Rank])),Structures!$C$8),Structures!$D$8,Table21112164202122232534[[#This Row],[True Rank]]<=_xlfn.PERCENTILE.INC(_xlfn.SEQUENCE(MAX(Table21112164202122232534[True Rank])),Structures!$C$9),Structures!$D$9),0),Table21112164202122232534[[#This Row],[True Rank]])} -> 50 | CC8: Dipraman Ghosh | CD8: Yes | CE8: 0.93958333 | CF8: =IFERROR(IF(Table2111216420212223253435[[#This Row],[Name]]="","",IFERROR(IF(Table2111216420212223253435[[#This Row],[Time]]="","TBD",CD$2-COUNTIF(Table2111216420212223253435[Time],"<"&Table2111216420212223253435[[#This Row],[Time]])),""))-(COUNTIF(Table2111216420212223253435[Time],Table2111216420212223253435[[#This Row],[Time]])-1),"") -> 1 | CG8: {=IF(ISNUMBER(Table2111216420212223253435[[#This Row],[True Rank]])=TRUE,ROUNDUP(IF(Table2111216420212223253435[[#This Row],[Rebuy]]="Yes",75%,100%)*_xlfn.IFS(Table2111216420212223253435[[#This Row],[True Rank]]=Structures!$B$3,Structures!$D$3,Table2111216420212223253435[[#This Row],[True Rank]]=Structures!$B$4,Structures!$D$4,Table2111216420212223253435[[#This Row],[True Rank]]=Structures!$B$5,Structures!$D$5,Table2111216420212223253435[[#This Row],[True Rank]]<Structures!$C$6,Structures!$D$6,Table2111216420212223253435[[#This Row],[True Rank]]<=_xlfn.PERCENTILE.INC(_xlfn.SEQUENCE(MAX(Table2111216420212223253435[True Rank])),Structures!$C$7),Structures!$D$7,Table2111216420212223253435[[#This Row],[True Rank]]<=_xlfn.PERCENTILE.INC(_xlfn.SEQUENCE(MAX(Table2111216420212223253435[True Rank])),Structures!$C$8),Structures!$D$8,Table2111216420212223253435[[#This Row],[True Rank]]<=_xlfn.PERCENTILE.INC(_xlfn.SEQUENCE(MAX(Table2111216420212223253435[True Rank])),Structures!$C$9),Structures!$D$9),0),Table2111216420212223253435[[#This Row],[True Rank]])} -> 38 | CI8: Liam Carter | CJ8: No | CK8: 0.92847222 | CL8: =IFERROR(IF(Table211121642021222325343536[[#This Row],[Name]]="","",IFERROR(IF(Table211121642021222325343536[[#This Row],[Time]]="","TBD",CJ$2-COUNTIF(Table211121642021222325343536[Time],"<"&Table211121642021222325343536[[#This Row],[Time]])),""))-(COUNTIF(Table211121642021222325343536[Time],Table211121642021222325343536[[#This Row],[Time]])-1),"") -> 1 | CM8: {=IF(ISNUMBER(Table211121642021222325343536[[#This Row],[True Rank]])=TRUE,ROUNDUP(IF(Table211121642021222325343536[[#This Row],[Rebuy]]="Yes",75%,100%)*_xlfn.IFS(Table211121642021222325343536[[#This Row],[True Rank]]=Structures!$B$3,Structures!$D$3,Table211121642021222325343536[[#This Row],[True Rank]]=Structures!$B$4,Structures!$D$4,Table211121642021222325343536[[#This Row],[True Rank]]=Structures!$B$5,Structures!$D$5,Table211121642021222325343536[[#This Row],[True Rank]]<Structures!$C$6,Structures!$D$6,Table211121642021222325343536[[#This Row],[True Rank]]<=_xlfn.PERCENTILE.INC(_xlfn.SEQUENCE(MAX(Table211121642021222325343536[True Rank])),Structures!$C$7),Structures!$D$7,Table211121642021222325343536[[#This Row],[True Rank]]<=_xlfn.PERCENTILE.INC(_xlfn.SEQUENCE(MAX(Table211121642021222325343536[True Rank])),Structures!$C$8),Structures!$D$8,Table211121642021222325343536[[#This Row],[True Rank]]<=_xlfn.PERCENTILE.INC(_xlfn.SEQUENCE(MAX(Table211121642021222325343536[True Rank])),Structures!$C$9),Structures!$D$9),0),Table211121642021222325343536[[#This Row],[True Rank]])} -> 50 | CO8: Sam Ahn | CP8: Yes | CQ8: 0.94722222 | CR8: =IFERROR(IF(Table21112164202122232534353637[[#This Row],[Name]]="","",IFERROR(IF(Table21112164202122232534353637[[#This Row],[Time]]="","TBD",CP$2-COUNTIF(Table21112164202122232534353637[Time],"<"&Table21112164202122232534353637[[#This Row],[Time]])),""))-(COUNTIF(Table21112164202122232534353637[Time],Table21112164202122232534353637[[#This Row],[Time]])-1),"") -> 1 | CS8: {=IF(ISNUMBER(Table21112164202122232534353637[[#This Row],[True Rank]])=TRUE,ROUNDUP(IF(Table21112164202122232534353637[[#This Row],[Rebuy]]="Yes",75%,100%)*_xlfn.IFS(Table21112164202122232534353637[[#This Row],[True Rank]]=Structures!$B$3,Structures!$D$3,Table21112164202122232534353637[[#This Row],[True Rank]]=Structures!$B$4,Structures!$D$4,Table21112164202122232534353637[[#This Row],[True Rank]]=Structures!$B$5,Structures!$D$5,Table21112164202122232534353637[[#This Row],[True Rank]]<Structures!$C$6,Structures!$D$6,Table21112164202122232534353637[[#This Row],[True Rank]]<=_xlfn.PERCENTILE.INC(_xlfn.SEQUENCE(MAX(Table21112164202122232534353637[True Rank])),Structures!$C$7),Structures!$D$7,Table21112164202122232534353637[[#This Row],[True Rank]]<=_xlfn.PERCENTILE.INC(_xlfn.SEQUENCE(MAX(Table21112164202122232534353637[True Rank])),Structures!$C$8),Structures!$D$8,Table21112164202122232534353637[[#This Row],[True Rank]]<=_xlfn.PERCENTILE.INC(_xlfn.SEQUENCE(MAX(Table21112164202122232534353637[True Rank])),Structures!$C$9),Structures!$D$9),0),Table21112164202122232534353637[[#This Row],[True Rank]])} -> 38 | CU8: Mukund Gupta | CW8: 0.91527778 | CX8: =IFERROR(IF(Table2111216420212223253435363738[[#This Row],[Name]]="","",IFERROR(IF(Table2111216420212223253435363738[[#This Row],[Time]]="","TBD",CV$2-COUNTIF(Table2111216420212223253435363738[Time],"<"&Table2111216420212223253435363738[[#This Row],[Time]])),""))-(COUNTIF(Table2111216420212223253435363738[Time],Table2111216420212223253435363738[[#This Row],[Time]])-1),"") -> 1 | CY8: {=IF(ISNUMBER(Table2111216420212223253435363738[[#This Row],[True Rank]])=TRUE,ROUNDUP(IF(Table2111216420212223253435363738[[#This Row],[Rebuy]]="Yes",75%,100%)*_xlfn.IFS(Table2111216420212223253435363738[[#This Row],[True Rank]]=Structures!$B$3,Structures!$D$3,Table2111216420212223253435363738[[#This Row],[True Rank]]=Structures!$B$4,Structures!$D$4,Table2111216420212223253435363738[[#This Row],[True Rank]]=Structures!$B$5,Structures!$D$5,Table2111216420212223253435363738[[#This Row],[True Rank]]<Structures!$C$6,Structures!$D$6,Table2111216420212223253435363738[[#This Row],[True Rank]]<=_xlfn.PERCENTILE.INC(_xlfn.SEQUENCE(MAX(Table2111216420212223253435363738[True Rank])),Structures!$C$7),Structures!$D$7,Table2111216420212223253435363738[[#This Row],[True Rank]]<=_xlfn.PERCENTILE.INC(_xlfn.SEQUENCE(MAX(Table2111216420212223253435363738[True Rank])),Structures!$C$8),Structures!$D$8,Table2111216420212223253435363738[[#This Row],[True Rank]]<=_xlfn.PERCENTILE.INC(_xlfn.SEQUENCE(MAX(Table2111216420212223253435363738[True Rank])),Structures!$C$9),Structures!$D$9),0),Table2111216420212223253435363738[[#This Row],[True Rank]])} -> 50 | DA8: Vik Anandkmar | DB8: Yes | DC8: 0.93611111 | DD8: =IFERROR(IF(Table2111216420212223253435363739[[#This Row],[Name]]="","",IFERROR(IF(Table2111216420212223253435363739[[#This Row],[Time]]="","TBD",DB$2-COUNTIF(Table2111216420212223253435363739[Time],"<"&Table2111216420212223253435363739[[#This Row],[Time]])),""))-(COUNTIF(Table2111216420212223253435363739[Time],Table2111216420212223253435363739[[#This Row],[Time]])-1),"") -> 1 | DE8: {=IF(ISNUMBER(Table2111216420212223253435363739[[#This Row],[True Rank]])=TRUE,ROUNDUP(IF(Table2111216420212223253435363739[[#This Row],[Rebuy]]="Yes",75%,100%)*_xlfn.IFS(Table2111216420212223253435363739[[#This Row],[True Rank]]=Structures!$B$3,Structures!$D$3,Table2111216420212223253435363739[[#This Row],[True Rank]]=Structures!$B$4,Structures!$D$4,Table2111216420212223253435363739[[#This Row],[True Rank]]=Structures!$B$5,Structures!$D$5,Table2111216420212223253435363739[[#This Row],[True Rank]]<Structures!$C$6,Structures!$D$6,Table2111216420212223253435363739[[#This Row],[True Rank]]<=_xlfn.PERCENTILE.INC(_xlfn.SEQUENCE(MAX(Table2111216420212223253435363739[True Rank])),Structures!$C$7),Structures!$D$7,Table2111216420212223253435363739[[#This Row],[True Rank]]<=_xlfn.PERCENTILE.INC(_xlfn.SEQUENCE(MAX(Table2111216420212223253435363739[True Rank])),Structures!$C$8),Structures!$D$8,Table2111216420212223253435363739[[#This Row],[True Rank]]<=_xlfn.PERCENTILE.INC(_xlfn.SEQUENCE(MAX(Table2111216420212223253435363739[True Rank])),Structures!$C$9),Structures!$D$9),0),Table2111216420212223253435363739[[#This Row],[True Rank]])} -> 38 | DG8: Maxim Skubitsky | DI8: 0.92013889 | DJ8: =IFERROR(IF(Table211121642021222325343536373841[[#This Row],[Name]]="","",IFERROR(IF(Table211121642021222325343536373841[[#This Row],[Time]]="","TBD",DH$2-COUNTIF(Table211121642021222325343536373841[Time],"<"&Table211121642021222325343536373841[[#This Row],[Time]])),""))-(COUNTIF(Table211121642021222325343536373841[Time],Table211121642021222325343536373841[[#This Row],[Time]])-1),"") -> 1 | DK8: {=IF(ISNUMBER(Table211121642021222325343536373841[[#This Row],[True Rank]])=TRUE,ROUNDUP(IF(Table211121642021222325343536373841[[#This Row],[Rebuy]]="Yes",75%,100%)*_xlfn.IFS(Table211121642021222325343536373841[[#This Row],[True Rank]]=Structures!$B$3,Structures!$D$3,Table211121642021222325343536373841[[#This Row],[True Rank]]=Structures!$B$4,Structures!$D$4,Table211121642021222325343536373841[[#This Row],[True Rank]]=Structures!$B$5,Structures!$D$5,Table211121642021222325343536373841[[#This Row],[True Rank]]<Structures!$C$6,Structures!$D$6,Table211121642021222325343536373841[[#This Row],[True Rank]]<=_xlfn.PERCENTILE.INC(_xlfn.SEQUENCE(MAX(Table211121642021222325343536373841[True Rank])),Structures!$C$7),Structures!$D$7,Table211121642021222325343536373841[[#This Row],[True Rank]]<=_xlfn.PERCENTILE.INC(_xlfn.SEQUENCE(MAX(Table211121642021222325343536373841[True Rank])),Structures!$C$8),Structures!$D$8,Table211121642021222325343536373841[[#This Row],[True Rank]]<=_xlfn.PERCENTILE.INC(_xlfn.SEQUENCE(MAX(Table211121642021222325343536373841[True Rank])),Structures!$C$9),Structures!$D$9),0),Table211121642021222325343536373841[[#This Row],[True Rank]])} -> 50 | DM8: =IF('Weekly Attendance'!AA63="Yes",'Weekly Attendance'!$D63,"") -> Sabrina Vong | DO8: 0.85902778 | DP8: =IFERROR(IF(Table21112164202122232534353637384140[[#This Row],[Name]]="","",IFERROR(IF(Table21112164202122232534353637384140[[#This Row],[Time]]="","TBD",DN$2-COUNTIF(Table21112164202122232534353637384140[Time],"<"&Table21112164202122232534353637384140[[#This Row],[Time]])),""))-(COUNTIF(Table21112164202122232534353637384140[Time],Table21112164202122232534353637384140[[#This Row],[Time]])-1),"") -> 21 | DQ8: {=IF(ISNUMBER(Table21112164202122232534353637384140[[#This Row],[True Rank]])=TRUE,ROUNDUP(IF(Table21112164202122232534353637384140[[#This Row],[Rebuy]]="Yes",75%,100%)*_xlfn.IFS(Table21112164202122232534353637384140[[#This Row],[True Rank]]=Structures!$B$3,Structures!$D$3,Table21112164202122232534353637384140[[#This Row],[True Rank]]=Structures!$B$4,Structures!$D$4,Table21112164202122232534353637384140[[#This Row],[True Rank]]=Structures!$B$5,Structures!$D$5,Table21112164202122232534353637384140[[#This Row],[True Rank]]<Structures!$C$6,Structures!$D$6,Table21112164202122232534353637384140[[#This Row],[True Rank]]<=_xlfn.PERCENTILE.INC(_xlfn.SEQUENCE(MAX(Table21112164202122232534353637384140[True Rank])),Structures!$C$7),Structures!$D$7,Table21112164202122232534353637384140[[#This Row],[True Rank]]<=_xlfn.PERCENTILE.INC(_xlfn.SEQUENCE(MAX(Table21112164202122232534353637384140[True Rank])),Structures!$C$8),Structures!$D$8,Table21112164202122232534353637384140[[#This Row],[True Rank]]<=_xlfn.PERCENTILE.INC(_xlfn.SEQUENCE(MAX(Table21112164202122232534353637384140[True Rank])),Structures!$C$9),Structures!$D$9),0),Table21112164202122232534353637384140[[#This Row],[True Rank]])} -> 4
A9: 2 | C9: Richard Pan | E9: 0.94444444 | F9: =IFERROR(IF(Table4[[#This Row],[Name]]="","",IFERROR(IF(Table4[[#This Row],[Time]]="","TBD",D$2-COUNTIF(Table4[Time],"<"&Table4[[#This Row],[Time]])),""))-(COUNTIF(Table4[Time],Table4[[#This Row],[Time]])-1),"") -> 2 | G9: {=IF(ISNUMBER(Table4[[#This Row],[True Rank]])=TRUE,ROUNDUP(IF(Table4[[#This Row],[Rebuy]]="Yes",75%,100%)*_xlfn.IFS(Table4[[#This Row],[True Rank]]=Structures!$B$3,Structures!$D$3,Table4[[#This Row],[True Rank]]=Structures!$B$4,Structures!$D$4,Table4[[#This Row],[True Rank]]=Structures!$B$5,Structures!$D$5,Table4[[#This Row],[True Rank]]<Structures!$C$6,Structures!$D$6,Table4[[#This Row],[True Rank]]<=_xlfn.PERCENTILE.INC(Table4[True Rank],Structures!$C$7),Structures!$D$7,Table4[[#This Row],[True Rank]]<=_xlfn.PERCENTILE.INC(Table4[True Rank],Structures!$C$8),Structures!$D$8,Table4[[#This Row],[True Rank]]<=_xlfn.PERCENTILE.INC(Table4[True Rank],Structures!$C$9),Structures!$D$9),0),Table4[[#This Row],[True Rank]])} -> 30 | I9: Sam Ahn | K9: 0.90763889 | L9: =IFERROR(IF(Table9[[#This Row],[Name]]="","",IFERROR(IF(Table9[[#This Row],[Time]]="","TBD",J$2-COUNTIF(Table9[Time],"<"&Table9[[#This Row],[Time]])),""))-(COUNTIF(Table9[Time],Table9[[#This Row],[Time]])-1),"") -> 2 | M9: {=IF(ISNUMBER(Table9[[#This Row],[True Rank]])=TRUE,ROUNDUP(IF(Table9[[#This Row],[Rebuy]]="Yes",75%,100%)*_xlfn.IFS(Table9[[#This Row],[True Rank]]=Structures!$B$3,Structures!$D$3,Table9[[#This Row],[True Rank]]=Structures!$B$4,Structures!$D$4,Table9[[#This Row],[True Rank]]=Structures!$B$5,Structures!$D$5,Table9[[#This Row],[True Rank]]<Structures!$C$6,Structures!$D$6,Table9[[#This Row],[True Rank]]<=_xlfn.PERCENTILE.INC(Table9[True Rank],Structures!$C$7),Structures!$D$7,Table9[[#This Row],[True Rank]]<=_xlfn.PERCENTILE.INC(Table9[True Rank],Structures!$C$8),Structures!$D$8,Table9[[#This Row],[True Rank]]<=_xlfn.PERCENTILE.INC(Table9[True Rank],Structures!$C$9),Structures!$D$9),0),Table9[[#This Row],[True Rank]])} -> 30 | O9: Richard Sonibare | Q9: 0.91180556 | R9: =IFERROR(IF(Table18[[#This Row],[Name]]="","",IFERROR(IF(Table18[[#This Row],[Time]]="","TBD",P$2-COUNTIF(Table18[Time],"<"&Table18[[#This Row],[Time]])),""))-(COUNTIF(Table18[Time],Table18[[#This Row],[Time]])-1),"") -> 2 | S9: {=IF(ISNUMBER(Table18[[#This Row],[True Rank]])=TRUE,ROUNDUP(IF(Table18[[#This Row],[Rebuy]]="Yes",75%,100%)*_xlfn.IFS(Table18[[#This Row],[True Rank]]=Structures!$B$3,Structures!$D$3,Table18[[#This Row],[True Rank]]=Structures!$B$4,Structures!$D$4,Table18[[#This Row],[True Rank]]=Structures!$B$5,Structures!$D$5,Table18[[#This Row],[True Rank]]<Structures!$C$6,Structures!$D$6,Table18[[#This Row],[True Rank]]<=_xlfn.PERCENTILE.INC(Table18[True Rank],Structures!$C$7),Structures!$D$7,Table18[[#This Row],[True Rank]]<=_xlfn.PERCENTILE.INC(Table18[True Rank],Structures!$C$8),Structures!$D$8,Table18[[#This Row],[True Rank]]<=_xlfn.PERCENTILE.INC(Table18[True Rank],Structures!$C$9),Structures!$D$9),0),Table18[[#This Row],[True Rank]])} -> 30 | U9: Sam Ahn | W9: 0.95833333 | X9: =IFERROR(IF(Table2[[#This Row],[Name]]="","",IFERROR(IF(Table2[[#This Row],[Time]]="","TBD",V$2-COUNTIF(Table2[Time],"<"&Table2[[#This Row],[Time]])),""))-(COUNTIF(Table2[Time],Table2[[#This Row],[Time]])-1),"") -> 2 | Y9: {=IF(ISNUMBER(Table2[[#This Row],[True Rank]])=TRUE,ROUNDUP(IF(Table2[[#This Row],[Rebuy]]="Yes",75%,100%)*_xlfn.IFS(Table2[[#This Row],[True Rank]]=Structures!$B$3,Structures!$D$3,Table2[[#This Row],[True Rank]]=Structures!$B$4,Structures!$D$4,Table2[[#This Row],[True Rank]]=Structures!$B$5,Structures!$D$5,Table2[[#This Row],[True Rank]]<Structures!$C$6,Structures!$D$6,Table2[[#This Row],[True Rank]]<=_xlfn.PERCENTILE.INC(Table2[True Rank],Structures!$C$7),Structures!$D$7,Table2[[#This Row],[True Rank]]<=_xlfn.PERCENTILE.INC(Table2[True Rank],Structures!$C$8),Structures!$D$8,Table2[[#This Row],[True Rank]]<=_xlfn.PERCENTILE.INC(Table2[True Rank],Structures!$C$9),Structures!$D$9),0),Table2[[#This Row],[True Rank]])} -> 30 | AA9: Taidhg Tajalli | AC9: 0.93263889 | AD9: =IFERROR(IF(Table211[[#This Row],[Name]]="","",IFERROR(IF(Table211[[#This Row],[Time]]="","TBD",AB$2-COUNTIF(Table211[Time],"<"&Table211[[#This Row],[Time]])),""))-(COUNTIF(Table211[Time],Table211[[#This Row],[Time]])-1),"") -> 1 | AE9: {=IF(ISNUMBER(Table211[[#This Row],[True Rank]])=TRUE,ROUNDUP(IF(Table211[[#This Row],[Rebuy]]="Yes",75%,100%)*_xlfn.IFS(Table211[[#This Row],[True Rank]]=Structures!$B$3,Structures!$D$3,Table211[[#This Row],[True Rank]]=Structures!$B$4,Structures!$D$4,Table211[[#This Row],[True Rank]]=Structures!$B$5,Structures!$D$5,Table211[[#This Row],[True Rank]]<Structures!$C$6,Structures!$D$6,Table211[[#This Row],[True Rank]]<=_xlfn.PERCENTILE.INC(Table211[True Rank],Structures!$C$7),Structures!$D$7,Table211[[#This Row],[True Rank]]<=_xlfn.PERCENTILE.INC(Table211[True Rank],Structures!$C$8),Structures!$D$8,Table211[[#This Row],[True Rank]]<=_xlfn.PERCENTILE.INC(Table211[True Rank],Structures!$C$9),Structures!$D$9),0),Table211[[#This Row],[True Rank]])} -> 50 | AG9: Tommy Truong | AI9: 0.93333333 | AJ9: =IFERROR(IF(Table21112[[#This Row],[Name]]="","",IFERROR(IF(Table21112[[#This Row],[Time]]="","TBD",AH$2-COUNTIF(Table21112[Time],"<"&Table21112[[#This Row],[Time]])),""))-(COUNTIF(Table21112[Time],Table21112[[#This Row],[Time]])-1),"") -> 2 | AK9: {=IF(ISNUMBER(Table21112[[#This Row],[True Rank]])=TRUE,ROUNDUP(IF(Table21112[[#This Row],[Rebuy]]="Yes",75%,100%)*_xlfn.IFS(Table21112[[#This Row],[True Rank]]=Structures!$B$3,Structures!$D$3,Table21112[[#This Row],[True Rank]]=Structures!$B$4,Structures!$D$4,Table21112[[#This Row],[True Rank]]=Structures!$B$5,Structures!$D$5,Table21112[[#This Row],[True Rank]]<Structures!$C$6,Structures!$D$6,Table21112[[#This Row],[True Rank]]<=_xlfn.PERCENTILE.INC(Table21112[True Rank],Structures!$C$7),Structures!$D$7,Table21112[[#This Row],[True Rank]]<=_xlfn.PERCENTILE.INC(Table21112[True Rank],Structures!$C$8),Structures!$D$8,Table21112[[#This Row],[True Rank]]<=_xlfn.PERCENTILE.INC(Table21112[True Rank],Structures!$C$9),Structures!$D$9),0),Table21112[[#This Row],[True Rank]])} -> 30 | AM9: Yue Wang | AO9: 0.94513889 | AP9: =IFERROR(IF(Table21112164[[#This Row],[Name]]="","",IFERROR(IF(Table21112164[[#This Row],[Time]]="","TBD",AN$2-COUNTIF(Table21112164[Time],"<"&Table21112164[[#This Row],[Time]])),""))-(COUNTIF(Table21112164[Time],Table21112164[[#This Row],[Time]])-1),"") -> 2 | AQ9: {=IF(ISNUMBER(Table21112164[[#This Row],[True Rank]])=TRUE,ROUNDUP(IF(Table21112164[[#This Row],[Rebuy]]="Yes",75%,100%)*_xlfn.IFS(Table21112164[[#This Row],[True Rank]]=Structures!$B$3,Structures!$D$3,Table21112164[[#This Row],[True Rank]]=Structures!$B$4,Structures!$D$4,Table21112164[[#This Row],[True Rank]]=Structures!$B$5,Structures!$D$5,Table21112164[[#This Row],[True Rank]]<Structures!$C$6,Structures!$D$6,Table21112164[[#This Row],[True Rank]]<=_xlfn.PERCENTILE.INC(Table21112164[True Rank],Structures!$C$7),Structures!$D$7,Table21112164[[#This Row],[True Rank]]<=_xlfn.PERCENTILE.INC(Table21112164[True Rank],Structures!$C$8),Structures!$D$8,Table21112164[[#This Row],[True Rank]]<=_xlfn.PERCENTILE.INC(Table21112164[True Rank],Structures!$C$9),Structures!$D$9),0),Table21112164[[#This Row],[True Rank]])} -> 30 | AS9: Thomas Liu | AT9: yes | AU9: 0.94930556 | AV9: =IFERROR(IF(Table2111216420[[#This Row],[Name]]="","",IFERROR(IF(Table2111216420[[#This Row],[Time]]="","TBD",AT$2-COUNTIF(Table2111216420[Time],"<"&Table2111216420[[#This Row],[Time]])),""))-(COUNTIF(Table2111216420[Time],Table2111216420[[#This Row],[Time]])-1),"") -> 2 | AW9: {=IF(ISNUMBER(Table2111216420[[#This Row],[True Rank]])=TRUE,ROUNDUP(IF(Table2111216420[[#This Row],[Rebuy]]="Yes",75%,100%)*_xlfn.IFS(Table2111216420[[#This Row],[True Rank]]=Structures!$B$3,Structures!$D$3,Table2111216420[[#This Row],[True Rank]]=Structures!$B$4,Structures!$D$4,Table2111216420[[#This Row],[True Rank]]=Structures!$B$5,Structures!$D$5,Table2111216420[[#This Row],[True Rank]]<Structures!$C$6,Structures!$D$6,Table2111216420[[#This Row],[True Rank]]<=_xlfn.PERCENTILE.INC(Table2111216420[True Rank],Structures!$C$7),Structures!$D$7,Table2111216420[[#This Row],[True Rank]]<=_xlfn.PERCENTILE.INC(Table2111216420[True Rank],Structures!$C$8),Structures!$D$8,Table2111216420[[#This Row],[True Rank]]<=_xlfn.PERCENTILE.INC(Table2111216420[True Rank],Structures!$C$9),Structures!$D$9),0),Table2111216420[[#This Row],[True Rank]])} -> 23 | AY9: Kongduo Li | BA9: 0.95138889 | BB9: =IFERROR(IF(Table211121642021[[#This Row],[Name]]="","",IFERROR(IF(Table211121642021[[#This Row],[Time]]="","TBD",AZ$2-COUNTIF(Table211121642021[Time],"<"&Table211121642021[[#This Row],[Time]])),""))-(COUNTIF(Table211121642021[Time],Table211121642021[[#This Row],[Time]])-1),"") -> 2 | BC9: {=IF(ISNUMBER(Table211121642021[[#This Row],[True Rank]])=TRUE,ROUNDUP(IF(Table211121642021[[#This Row],[Rebuy]]="Yes",75%,100%)*_xlfn.IFS(Table211121642021[[#This Row],[True Rank]]=Structures!$B$3,Structures!$D$3,Table211121642021[[#This Row],[True Rank]]=Structures!$B$4,Structures!$D$4,Table211121642021[[#This Row],[True Rank]]=Structures!$B$5,Structures!$D$5,Table211121642021[[#This Row],[True Rank]]<Structures!$C$6,Structures!$D$6,Table211121642021[[#This Row],[True Rank]]<=_xlfn.PERCENTILE.INC(Table211121642021[True Rank],Structures!$C$7),Structures!$D$7,Table211121642021[[#This Row],[True Rank]]<=_xlfn.PERCENTILE.INC(Table211121642021[True Rank],Structures!$C$8),Structures!$D$8,Table211121642021[[#This Row],[True Rank]]<=_xlfn.PERCENTILE.INC(Table211121642021[True Rank],Structures!$C$9),Structures!$D$9),0),Table211121642021[[#This Row],[True Rank]])} -> 30 | BE9: Liam Carter | BF9: Yes | BG9: 0.95902778 | BH9: =IFERROR(IF(Table21112164202122[[#This Row],[Name]]="","",IFERROR(IF(Table21112164202122[[#This Row],[Time]]="","TBD",BF$2-COUNTIF(Table21112164202122[Time],"<"&Table21112164202122[[#This Row],[Time]])),""))-(COUNTIF(Table21112164202122[Time],Table21112164202122[[#This Row],[Time]])-1),"") -> 2 | BI9: {=IF(ISNUMBER(Table21112164202122[[#This Row],[True Rank]])=TRUE,ROUNDUP(IF(Table21112164202122[[#This Row],[Rebuy]]="Yes",75%,100%)*_xlfn.IFS(Table21112164202122[[#This Row],[True Rank]]=Structures!$B$3,Structures!$D$3,Table21112164202122[[#This Row],[True Rank]]=Structures!$B$4,Structures!$D$4,Table21112164202122[[#This Row],[True Rank]]=Structures!$B$5,Structures!$D$5,Table21112164202122[[#This Row],[True Rank]]<Structures!$C$6,Structures!$D$6,Table21112164202122[[#This Row],[True Rank]]<=_xlfn.PERCENTILE.INC(Table21112164202122[True Rank],Structures!$C$7),Structures!$D$7,Table21112164202122[[#This Row],[True Rank]]<=_xlfn.PERCENTILE.INC(Table21112164202122[True Rank],Structures!$C$8),Structures!$D$8,Table21112164202122[[#This Row],[True Rank]]<=_xlfn.PERCENTILE.INC(Table21112164202122[True Rank],Structures!$C$9),Structures!$D$9),0),Table21112164202122[[#This Row],[True Rank]])} -> 23 | BK9: Emma Sproxton | BM9: 0.94444444 | BN9: =IFERROR(IF(Table2111216420212223[[#This Row],[Name]]="","",IFERROR(IF(Table2111216420212223[[#This Row],[Time]]="","TBD",BL$2-COUNTIF(Table2111216420212223[Time],"<"&Table2111216420212223[[#This Row],[Time]])),""))-(COUNTIF(Table2111216420212223[Time],Table2111216420212223[[#This Row],[Time]])-1),"") -> 2 | BO9: {=IF(ISNUMBER(Table2111216420212223[[#This Row],[True Rank]])=TRUE,ROUNDUP(IF(Table2111216420212223[[#This Row],[Rebuy]]="Yes",75%,100%)*_xlfn.IFS(Table2111216420212223[[#This Row],[True Rank]]=Structures!$B$3,Structures!$D$3,Table2111216420212223[[#This Row],[True Rank]]=Structures!$B$4,Structures!$D$4,Table2111216420212223[[#This Row],[True Rank]]=Structures!$B$5,Structures!$D$5,Table2111216420212223[[#This Row],[True Rank]]<Structures!$C$6,Structures!$D$6,Table2111216420212223[[#This Row],[True Rank]]<=_xlfn.PERCENTILE.INC(Table2111216420212223[True Rank],Structures!$C$7),Structures!$D$7,Table2111216420212223[[#This Row],[True Rank]]<=_xlfn.PERCENTILE.INC(Table2111216420212223[True Rank],Structures!$C$8),Structures!$D$8,Table2111216420212223[[#This Row],[True Rank]]<=_xlfn.PERCENTILE.INC(Table2111216420212223[True Rank],Structures!$C$9),Structures!$D$9),0),Table2111216420212223[[#This Row],[True Rank]])} -> 30 | BQ9: Justin Chow | BR9: Yes | BS9: 0.92013889 | BT9: =IFERROR(IF(Table211121642021222325[[#This Row],[Name]]="","",IFERROR(IF(Table211121642021222325[[#This Row],[Time]]="","TBD",BR$2-COUNTIF(Table211121642021222325[Time],"<"&Table211121642021222325[[#This Row],[Time]])),""))-(COUNTIF(Table211121642021222325[Time],Table211121642021222325[[#This Row],[Time]])-1),"") -> 2 | BU9: {=IF(ISNUMBER(Table211121642021222325[[#This Row],[True Rank]])=TRUE,ROUNDUP(IF(Table211121642021222325[[#This Row],[Rebuy]]="Yes",75%,100%)*_xlfn.IFS(Table211121642021222325[[#This Row],[True Rank]]=Structures!$B$3,Structures!$D$3,Table211121642021222325[[#This Row],[True Rank]]=Structures!$B$4,Structures!$D$4,Table211121642021222325[[#This Row],[True Rank]]=Structures!$B$5,Structures!$D$5,Table211121642021222325[[#This Row],[True Rank]]<Structures!$C$6,Structures!$D$6,Table211121642021222325[[#This Row],[True Rank]]<=_xlfn.PERCENTILE.INC(_xlfn.SEQUENCE(MAX(Table211121642021222325[True Rank])),Structures!$C$7),Structures!$D$7,Table211121642021222325[[#This Row],[True Rank]]<=_xlfn.PERCENTILE.INC(_xlfn.SEQUENCE(MAX(Table211121642021222325[True Rank])),Structures!$C$8),Structures!$D$8,Table211121642021222325[[#This Row],[True Rank]]<=_xlfn.PERCENTILE.INC(_xlfn.SEQUENCE(MAX(Table211121642021222325[True Rank])),Structures!$C$9),Structures!$D$9),0),Table211121642021222325[[#This Row],[True Rank]])} -> 23 | BW9: Kalundi Serumaga | BY9: 0.93541667 | BZ9: =IFERROR(IF(Table21112164202122232534[[#This Row],[Name]]="","",IFERROR(IF(Table21112164202122232534[[#This Row],[Time]]="","TBD",BX$2-COUNTIF(Table21112164202122232534[Time],"<"&Table21112164202122232534[[#This Row],[Time]])),""))-(COUNTIF(Table21112164202122232534[Time],Table21112164202122232534[[#This Row],[Time]])-1),"") -> 2 | CA9: {=IF(ISNUMBER(Table21112164202122232534[[#This Row],[True Rank]])=TRUE,ROUNDUP(IF(Table21112164202122232534[[#This Row],[Rebuy]]="Yes",75%,100%)*_xlfn.IFS(Table21112164202122232534[[#This Row],[True Rank]]=Structures!$B$3,Structures!$D$3,Table21112164202122232534[[#This Row],[True Rank]]=Structures!$B$4,Structures!$D$4,Table21112164202122232534[[#This Row],[True Rank]]=Structures!$B$5,Structures!$D$5,Table21112164202122232534[[#This Row],[True Rank]]<Structures!$C$6,Structures!$D$6,Table21112164202122232534[[#This Row],[True Rank]]<=_xlfn.PERCENTILE.INC(_xlfn.SEQUENCE(MAX(Table21112164202122232534[True Rank])),Structures!$C$7),Structures!$D$7,Table21112164202122232534[[#This Row],[True Rank]]<=_xlfn.PERCENTILE.INC(_xlfn.SEQUENCE(MAX(Table21112164202122232534[True Rank])),Structures!$C$8),Structures!$D$8,Table21112164202122232534[[#This Row],[True Rank]]<=_xlfn.PERCENTILE.INC(_xlfn.SEQUENCE(MAX(Table21112164202122232534[True Rank])),Structures!$C$9),Structures!$D$9),0),Table21112164202122232534[[#This Row],[True Rank]])} -> 30 | CC9: Pari Shah | CD9: Yes | CE9: 0.93888889 | CF9: =IFERROR(IF(Table2111216420212223253435[[#This Row],[Name]]="","",IFERROR(IF(Table2111216420212223253435[[#This Row],[Time]]="","TBD",CD$2-COUNTIF(Table2111216420212223253435[Time],"<"&Table2111216420212223253435[[#This Row],[Time]])),""))-(COUNTIF(Table2111216420212223253435[Time],Table2111216420212223253435[[#This Row],[Time]])-1),"") -> 2 | CG9: {=IF(ISNUMBER(Table2111216420212223253435[[#This Row],[True Rank]])=TRUE,ROUNDUP(IF(Table2111216420212223253435[[#This Row],[Rebuy]]="Yes",75%,100%)*_xlfn.IFS(Table2111216420212223253435[[#This Row],[True Rank]]=Structures!$B$3,Structures!$D$3,Table2111216420212223253435[[#This Row],[True Rank]]=Structures!$B$4,Structures!$D$4,Table2111216420212223253435[[#This Row],[True Rank]]=Structures!$B$5,Structures!$D$5,Table2111216420212223253435[[#This Row],[True Rank]]<Structures!$C$6,Structures!$D$6,Table2111216420212223253435[[#This Row],[True Rank]]<=_xlfn.PERCENTILE.INC(_xlfn.SEQUENCE(MAX(Table2111216420212223253435[True Rank])),Structures!$C$7),Structures!$D$7,Table2111216420212223253435[[#This Row],[True Rank]]<=_xlfn.PERCENTILE.INC(_xlfn.SEQUENCE(MAX(Table2111216420212223253435[True Rank])),Structures!$C$8),Structures!$D$8,Table2111216420212223253435[[#This Row],[True Rank]]<=_xlfn.PERCENTILE.INC(_xlfn.SEQUENCE(MAX(Table2111216420212223253435[True Rank])),Structures!$C$9),Structures!$D$9),0),Table2111216420212223253435[[#This Row],[True Rank]])} -> 23 | CI9: Curtis Elve | CJ9: No | CK9: 0.92708333 | CL9: =IFERROR(IF(Table211121642021222325343536[[#This Row],[Name]]="","",IFERROR(IF(Table211121642021222325343536[[#This Row],[Time]]="","TBD",CJ$2-COUNTIF(Table211121642021222325343536[Time],"<"&Table211121642021222325343536[[#This Row],[Time]])),""))-(COUNTIF(Table211121642021222325343536[Time],Table211121642021222325343536[[#This Row],[Time]])-1),"") -> 2 | CM9: {=IF(ISNUMBER(Table211121642021222325343536[[#This Row],[True Rank]])=TRUE,ROUNDUP(IF(Table211121642021222325343536[[#This Row],[Rebuy]]="Yes",75%,100%)*_xlfn.IFS(Table211121642021222325343536[[#This Row],[True Rank]]=Structures!$B$3,Structures!$D$3,Table211121642021222325343536[[#This Row],[True Rank]]=Structures!$B$4,Structures!$D$4,Table211121642021222325343536[[#This Row],[True Rank]]=Structures!$B$5,Structures!$D$5,Table211121642021222325343536[[#This Row],[True Rank]]<Structures!$C$6,Structures!$D$6,Table211121642021222325343536[[#This Row],[True Rank]]<=_xlfn.PERCENTILE.INC(_xlfn.SEQUENCE(MAX(Table211121642021222325343536[True Rank])),Structures!$C$7),Structures!$D$7,Table211121642021222325343536[[#This Row],[True Rank]]<=_xlfn.PERCENTILE.INC(_xlfn.SEQUENCE(MAX(Table211121642021222325343536[True Rank])),Structures!$C$8),Structures!$D$8,Table211121642021222325343536[[#This Row],[True Rank]]<=_xlfn.PERCENTILE.INC(_xlfn.SEQUENCE(MAX(Table211121642021222325343536[True Rank])),Structures!$C$9),Structures!$D$9),0),Table211121642021222325343536[[#This Row],[True Rank]])} -> 30 | CO9: Hatim Adamjee | CQ9: 0.94583333 | CR9: =IFERROR(IF(Table21112164202122232534353637[[#This Row],[Name]]="","",IFERROR(IF(Table21112164202122232534353637[[#This Row],[Time]]="","TBD",CP$2-COUNTIF(Table21112164202122232534353637[Time],"<"&Table21112164202122232534353637[[#This Row],[Time]])),""))-(COUNTIF(Table21112164202122232534353637[Time],Table21112164202122232534353637[[#This Row],[Time]])-1),"") -> 2 | CS9: {=IF(ISNUMBER(Table21112164202122232534353637[[#This Row],[True Rank]])=TRUE,ROUNDUP(IF(Table21112164202122232534353637[[#This Row],[Rebuy]]="Yes",75%,100%)*_xlfn.IFS(Table21112164202122232534353637[[#This Row],[True Rank]]=Structures!$B$3,Structures!$D$3,Table21112164202122232534353637[[#This Row],[True Rank]]=Structures!$B$4,Structures!$D$4,Table21112164202122232534353637[[#This Row],[True Rank]]=Structures!$B$5,Structures!$D$5,Table21112164202122232534353637[[#This Row],[True Rank]]<Structures!$C$6,Structures!$D$6,Table21112164202122232534353637[[#This Row],[True Rank]]<=_xlfn.PERCENTILE.INC(_xlfn.SEQUENCE(MAX(Table21112164202122232534353637[True Rank])),Structures!$C$7),Structures!$D$7,Table21112164202122232534353637[[#This Row],[True Rank]]<=_xlfn.PERCENTILE.INC(_xlfn.SEQUENCE(MAX(Table21112164202122232534353637[True Rank])),Structures!$C$8),Structures!$D$8,Table21112164202122232534353637[[#This Row],[True Rank]]<=_xlfn.PERCENTILE.INC(_xlfn.SEQUENCE(MAX(Table21112164202122232534353637[True Rank])),Structures!$C$9),Structures!$D$9),0),Table21112164202122232534353637[[#This Row],[True Rank]])} -> 30 | CU9: River Jiang | CV9: Yes | CW9: 0.91458333 | CX9: =IFERROR(IF(Table2111216420212223253435363738[[#This Row],[Name]]="","",IFERROR(IF(Table2111216420212223253435363738[[#This Row],[Time]]="","TBD",CV$2-COUNTIF(Table2111216420212223253435363738[Time],"<"&Table2111216420212223253435363738[[#This Row],[Time]])),""))-(COUNTIF(Table2111216420212223253435363738[Time],Table2111216420212223253435363738[[#This Row],[Time]])-1),"") -> 2 | CY9: {=IF(ISNUMBER(Table2111216420212223253435363738[[#This Row],[True Rank]])=TRUE,ROUNDUP(IF(Table2111216420212223253435363738[[#This Row],[Rebuy]]="Yes",75%,100%)*_xlfn.IFS(Table2111216420212223253435363738[[#This Row],[True Rank]]=Structures!$B$3,Structures!$D$3,Table2111216420212223253435363738[[#This Row],[True Rank]]=Structures!$B$4,Structures!$D$4,Table2111216420212223253435363738[[#This Row],[True Rank]]=Structures!$B$5,Structures!$D$5,Table2111216420212223253435363738[[#This Row],[True Rank]]<Structures!$C$6,Structures!$D$6,Table2111216420212223253435363738[[#This Row],[True Rank]]<=_xlfn.PERCENTILE.INC(_xlfn.SEQUENCE(MAX(Table2111216420212223253435363738[True Rank])),Structures!$C$7),Structures!$D$7,Table2111216420212223253435363738[[#This Row],[True Rank]]<=_xlfn.PERCENTILE.INC(_xlfn.SEQUENCE(MAX(Table2111216420212223253435363738[True Rank])),Structures!$C$8),Structures!$D$8,Table2111216420212223253435363738[[#This Row],[True Rank]]<=_xlfn.PERCENTILE.INC(_xlfn.SEQUENCE(MAX(Table2111216420212223253435363738[True Rank])),Structures!$C$9),Structures!$D$9),0),Table2111216420212223253435363738[[#This Row],[True Rank]])} -> 23 | DA9: Liam Carter | DB9: Yes | DC9: 0.93472222 | DD9: =IFERROR(IF(Table2111216420212223253435363739[[#This Row],[Name]]="","",IFERROR(IF(Table2111216420212223253435363739[[#This Row],[Time]]="","TBD",DB$2-COUNTIF(Table2111216420212223253435363739[Time],"<"&Table2111216420212223253435363739[[#This Row],[Time]])),""))-(COUNTIF(Table2111216420212223253435363739[Time],Table2111216420212223253435363739[[#This Row],[Time]])-1),"") -> 2 | DE9: {=IF(ISNUMBER(Table2111216420212223253435363739[[#This Row],[True Rank]])=TRUE,ROUNDUP(IF(Table2111216420212223253435363739[[#This Row],[Rebuy]]="Yes",75%,100%)*_xlfn.IFS(Table2111216420212223253435363739[[#This Row],[True Rank]]=Structures!$B$3,Structures!$D$3,Table2111216420212223253435363739[[#This Row],[True Rank]]=Structures!$B$4,Structures!$D$4,Table2111216420212223253435363739[[#This Row],[True Rank]]=Structures!$B$5,Structures!$D$5,Table2111216420212223253435363739[[#This Row],[True Rank]]<Structures!$C$6,Structures!$D$6,Table2111216420212223253435363739[[#This Row],[True Rank]]<=_xlfn.PERCENTILE.INC(_xlfn.SEQUENCE(MAX(Table2111216420212223253435363739[True Rank])),Structures!$C$7),Structures!$D$7,Table2111216420212223253435363739[[#This Row],[True Rank]]<=_xlfn.PERCENTILE.INC(_xlfn.SEQUENCE(MAX(Table2111216420212223253435363739[True Rank])),Structures!$C$8),Structures!$D$8,Table2111216420212223253435363739[[#This Row],[True Rank]]<=_xlfn.PERCENTILE.INC(_xlfn.SEQUENCE(MAX(Table2111216420212223253435363739[True Rank])),Structures!$C$9),Structures!$D$9),0),Table2111216420212223253435363739[[#This Row],[True Rank]])} -> 23 | DG9: Konrad Zawadzki | DI9: 0.91736111 | DJ9: =IFERROR(IF(Table211121642021222325343536373841[[#This Row],[Name]]="","",IFERROR(IF(Table211121642021222325343536373841[[#This Row],[Time]]="","TBD",DH$2-COUNTIF(Table211121642021222325343536373841[Time],"<"&Table211121642021222325343536373841[[#This Row],[Time]])),""))-(COUNTIF(Table211121642021222325343536373841[Time],Table211121642021222325343536373841[[#This Row],[Time]])-1),"") -> 2 | DK9: {=IF(ISNUMBER(Table211121642021222325343536373841[[#This Row],[True Rank]])=TRUE,ROUNDUP(IF(Table211121642021222325343536373841[[#This Row],[Rebuy]]="Yes",75%,100%)*_xlfn.IFS(Table211121642021222325343536373841[[#This Row],[True Rank]]=Structures!$B$3,Structures!$D$3,Table211121642021222325343536373841[[#This Row],[True Rank]]=Structures!$B$4,Structures!$D$4,Table211121642021222325343536373841[[#This Row],[True Rank]]=Structures!$B$5,Structures!$D$5,Table211121642021222325343536373841[[#This Row],[True Rank]]<Structures!$C$6,Structures!$D$6,Table211121642021222325343536373841[[#This Row],[True Rank]]<=_xlfn.PERCENTILE.INC(_xlfn.SEQUENCE(MAX(Table211121642021222325343536373841[True Rank])),Structures!$C$7),Structures!$D$7,Table211121642021222325343536373841[[#This Row],[True Rank]]<=_xlfn.PERCENTILE.INC(_xlfn.SEQUENCE(MAX(Table211121642021222325343536373841[True Rank])),Structures!$C$8),Structures!$D$8,Table211121642021222325343536373841[[#This Row],[True Rank]]<=_xlfn.PERCENTILE.INC(_xlfn.SEQUENCE(MAX(Table211121642021222325343536373841[True Rank])),Structures!$C$9),Structures!$D$9),0),Table211121642021222325343536373841[[#This Row],[True Rank]])} -> 30 | DM9: =IF('Weekly Attendance'!AA66="Yes",'Weekly Attendance'!$D66,"") -> Verissa Liu | DN9: Yes | DO9: 0.85763889 | DP9: =IFERROR(IF(Table21112164202122232534353637384140[[#This Row],[Name]]="","",IFERROR(IF(Table21112164202122232534353637384140[[#This Row],[Time]]="","TBD",DN$2-COUNTIF(Table21112164202122232534353637384140[Time],"<"&Table21112164202122232534353637384140[[#This Row],[Time]])),""))-(COUNTIF(Table21112164202122232534353637384140[Time],Table21112164202122232534353637384140[[#This Row],[Time]])-1),"") -> 22 | DQ9: {=IF(ISNUMBER(Table21112164202122232534353637384140[[#This Row],[True Rank]])=TRUE,ROUNDUP(IF(Table21112164202122232534353637384140[[#This Row],[Rebuy]]="Yes",75%,100%)*_xlfn.IFS(Table21112164202122232534353637384140[[#This Row],[True Rank]]=Structures!$B$3,Structures!$D$3,Table21112164202122232534353637384140[[#This Row],[True Rank]]=Structures!$B$4,Structures!$D$4,Table21112164202122232534353637384140[[#This Row],[True Rank]]=Structures!$B$5,Structures!$D$5,Table21112164202122232534353637384140[[#This Row],[True Rank]]<Structures!$C$6,Structures!$D$6,Table21112164202122232534353637384140[[#This Row],[True Rank]]<=_xlfn.PERCENTILE.INC(_xlfn.SEQUENCE(MAX(Table21112164202122232534353637384140[True Rank])),Structures!$C$7),Structures!$D$7,Table21112164202122232534353637384140[[#This Row],[True Rank]]<=_xlfn.PERCENTILE.INC(_xlfn.SEQUENCE(MAX(Table21112164202122232534353637384140[True Rank])),Structures!$C$8),Structures!$D$8,Table21112164202122232534353637384140[[#This Row],[True Rank]]<=_xlfn.PERCENTILE.INC(_xlfn.SEQUENCE(MAX(Table21112164202122232534353637384140[True Rank])),Structures!$C$9),Structures!$D$9),0),Table21112164202122232534353637384140[[#This Row],[True Rank]])} -> 2
A10: 3 | C10: William Vu | E10: 0.9375 | F10: =IFERROR(IF(Table4[[#This Row],[Name]]="","",IFERROR(IF(Table4[[#This Row],[Time]]="","TBD",D$2-COUNTIF(Table4[Time],"<"&Table4[[#This Row],[Time]])),""))-(COUNTIF(Table4[Time],Table4[[#This Row],[Time]])-1),"") -> 3 | G10: {=IF(ISNUMBER(Table4[[#This Row],[True Rank]])=TRUE,ROUNDUP(IF(Table4[[#This Row],[Rebuy]]="Yes",75%,100%)*_xlfn.IFS(Table4[[#This Row],[True Rank]]=Structures!$B$3,Structures!$D$3,Table4[[#This Row],[True Rank]]=Structures!$B$4,Structures!$D$4,Table4[[#This Row],[True Rank]]=Structures!$B$5,Structures!$D$5,Table4[[#This Row],[True Rank]]<Structures!$C$6,Structures!$D$6,Table4[[#This Row],[True Rank]]<=_xlfn.PERCENTILE.INC(Table4[True Rank],Structures!$C$7),Structures!$D$7,Table4[[#This Row],[True Rank]]<=_xlfn.PERCENTILE.INC(Table4[True Rank],Structures!$C$8),Structures!$D$8,Table4[[#This Row],[True Rank]]<=_xlfn.PERCENTILE.INC(Table4[True Rank],Structures!$C$9),Structures!$D$9),0),Table4[[#This Row],[True Rank]])} -> 20 | I10: Daniel Li | J10: Yes | K10: 0.90625 | L10: =IFERROR(IF(Table9[[#This Row],[Name]]="","",IFERROR(IF(Table9[[#This Row],[Time]]="","TBD",J$2-COUNTIF(Table9[Time],"<"&Table9[[#This Row],[Time]])),""))-(COUNTIF(Table9[Time],Table9[[#This Row],[Time]])-1),"") -> 3 | M10: {=IF(ISNUMBER(Table9[[#This Row],[True Rank]])=TRUE,ROUNDUP(IF(Table9[[#This Row],[Rebuy]]="Yes",75%,100%)*_xlfn.IFS(Table9[[#This Row],[True Rank]]=Structures!$B$3,Structures!$D$3,Table9[[#This Row],[True Rank]]=Structures!$B$4,Structures!$D$4,Table9[[#This Row],[True Rank]]=Structures!$B$5,Structures!$D$5,Table9[[#This Row],[True Rank]]<Structures!$C$6,Structures!$D$6,Table9[[#This Row],[True Rank]]<=_xlfn.PERCENTILE.INC(Table9[True Rank],Structures!$C$7),Structures!$D$7,Table9[[#This Row],[True Rank]]<=_xlfn.PERCENTILE.INC(Table9[True Rank],Structures!$C$8),Structures!$D$8,Table9[[#This Row],[True Rank]]<=_xlfn.PERCENTILE.INC(Table9[True Rank],Structures!$C$9),Structures!$D$9),0),Table9[[#This Row],[True Rank]])} -> 15 | O10: Sam Ahn | Q10: 0.91111111 | R10: =IFERROR(IF(Table18[[#This Row],[Name]]="","",IFERROR(IF(Table18[[#This Row],[Time]]="","TBD",P$2-COUNTIF(Table18[Time],"<"&Table18[[#This Row],[Time]])),""))-(COUNTIF(Table18[Time],Table18[[#This Row],[Time]])-1),"") -> 3 | S10: {=IF(ISNUMBER(Table18[[#This Row],[True Rank]])=TRUE,ROUNDUP(IF(Table18[[#This Row],[Rebuy]]="Yes",75%,100%)*_xlfn.IFS(Table18[[#This Row],[True Rank]]=Structures!$B$3,Structures!$D$3,Table18[[#This Row],[True Rank]]=Structures!$B$4,Structures!$D$4,Table18[[#This Row],[True Rank]]=Structures!$B$5,Structures!$D$5,Table18[[#This Row],[True Rank]]<Structures!$C$6,Structures!$D$6,Table18[[#This Row],[True Rank]]<=_xlfn.PERCENTILE.INC(Table18[True Rank],Structures!$C$7),Structures!$D$7,Table18[[#This Row],[True Rank]]<=_xlfn.PERCENTILE.INC(Table18[True Rank],Structures!$C$8),Structures!$D$8,Table18[[#This Row],[True Rank]]<=_xlfn.PERCENTILE.INC(Table18[True Rank],Structures!$C$9),Structures!$D$9),0),Table18[[#This Row],[True Rank]])} -> 20 | U10: Dikang Fu | V10: Yes | W10: 0.95138889 | X10: =IFERROR(IF(Table2[[#This Row],[Name]]="","",IFERROR(IF(Table2[[#This Row],[Time]]="","TBD",V$2-COUNTIF(Table2[Time],"<"&Table2[[#This Row],[Time]])),""))-(COUNTIF(Table2[Time],Table2[[#This Row],[Time]])-1),"") -> 3 | Y10: {=IF(ISNUMBER(Table2[[#This Row],[True Rank]])=TRUE,ROUNDUP(IF(Table2[[#This Row],[Rebuy]]="Yes",75%,100%)*_xlfn.IFS(Table2[[#This Row],[True Rank]]=Structures!$B$3,Structures!$D$3,Table2[[#This Row],[True Rank]]=Structures!$B$4,Structures!$D$4,Table2[[#This Row],[True Rank]]=Structures!$B$5,Structures!$D$5,Table2[[#This Row],[True Rank]]<Structures!$C$6,Structures!$D$6,Table2[[#This Row],[True Rank]]<=_xlfn.PERCENTILE.INC(Table2[True Rank],Structures!$C$7),Structures!$D$7,Table2[[#This Row],[True Rank]]<=_xlfn.PERCENTILE.INC(Table2[True Rank],Structures!$C$8),Structures!$D$8,Table2[[#This Row],[True Rank]]<=_xlfn.PERCENTILE.INC(Table2[True Rank],Structures!$C$9),Structures!$D$9),0),Table2[[#This Row],[True Rank]])} -> 15 | AA10: Verissa Liu | AC10: 0.93055556 | AD10: =IFERROR(IF(Table211[[#This Row],[Name]]="","",IFERROR(IF(Table211[[#This Row],[Time]]="","TBD",AB$2-COUNTIF(Table211[Time],"<"&Table211[[#This Row],[Time]])),""))-(COUNTIF(Table211[Time],Table211[[#This Row],[Time]])-1),"") -> 3 | AE10: {=IF(ISNUMBER(Table211[[#This Row],[True Rank]])=TRUE,ROUNDUP(IF(Table211[[#This Row],[Rebuy]]="Yes",75%,100%)*_xlfn.IFS(Table211[[#This Row],[True Rank]]=Structures!$B$3,Structures!$D$3,Table211[[#This Row],[True Rank]]=Structures!$B$4,Structures!$D$4,Table211[[#This Row],[True Rank]]=Structures!$B$5,Structures!$D$5,Table211[[#This Row],[True Rank]]<Structures!$C$6,Structures!$D$6,Table211[[#This Row],[True Rank]]<=_xlfn.PERCENTILE.INC(Table211[True Rank],Structures!$C$7),Structures!$D$7,Table211[[#This Row],[True Rank]]<=_xlfn.PERCENTILE.INC(Table211[True Rank],Structures!$C$8),Structures!$D$8,Table211[[#This Row],[True Rank]]<=_xlfn.PERCENTILE.INC(Table211[True Rank],Structures!$C$9),Structures!$D$9),0),Table211[[#This Row],[True Rank]])} -> 20 | AG10: Yue Wang | AH10: Yes | AI10: 0.93263889 | AJ10: =IFERROR(IF(Table21112[[#This Row],[Name]]="","",IFERROR(IF(Table21112[[#This Row],[Time]]="","TBD",AH$2-COUNTIF(Table21112[Time],"<"&Table21112[[#This Row],[Time]])),""))-(COUNTIF(Table21112[Time],Table21112[[#This Row],[Time]])-1),"") -> 3 | AK10: {=IF(ISNUMBER(Table21112[[#This Row],[True Rank]])=TRUE,ROUNDUP(IF(Table21112[[#This Row],[Rebuy]]="Yes",75%,100%)*_xlfn.IFS(Table21112[[#This Row],[True Rank]]=Structures!$B$3,Structures!$D$3,Table21112[[#This Row],[True Rank]]=Structures!$B$4,Structures!$D$4,Table21112[[#This Row],[True Rank]]=Structures!$B$5,Structures!$D$5,Table21112[[#This Row],[True Rank]]<Structures!$C$6,Structures!$D$6,Table21112[[#This Row],[True Rank]]<=_xlfn.PERCENTILE.INC(Table21112[True Rank],Structures!$C$7),Structures!$D$7,Table21112[[#This Row],[True Rank]]<=_xlfn.PERCENTILE.INC(Table21112[True Rank],Structures!$C$8),Structures!$D$8,Table21112[[#This Row],[True Rank]]<=_xlfn.PERCENTILE.INC(Table21112[True Rank],Structures!$C$9),Structures!$D$9),0),Table21112[[#This Row],[True Rank]])} -> 15 | AM10: Adrian Liu | AN10: Yes | AO10: 0.93472222 | AP10: =IFERROR(IF(Table21112164[[#This Row],[Name]]="","",IFERROR(IF(Table21112164[[#This Row],[Time]]="","TBD",AN$2-COUNTIF(Table21112164[Time],"<"&Table21112164[[#This Row],[Time]])),""))-(COUNTIF(Table21112164[Time],Table21112164[[#This Row],[Time]])-1),"") -> 3 | AQ10: {=IF(ISNUMBER(Table21112164[[#This Row],[True Rank]])=TRUE,ROUNDUP(IF(Table21112164[[#This Row],[Rebuy]]="Yes",75%,100%)*_xlfn.IFS(Table21112164[[#This Row],[True Rank]]=Structures!$B$3,Structures!$D$3,Table21112164[[#This Row],[True Rank]]=Structures!$B$4,Structures!$D$4,Table21112164[[#This Row],[True Rank]]=Structures!$B$5,Structures!$D$5,Table21112164[[#This Row],[True Rank]]<Structures!$C$6,Structures!$D$6,Table21112164[[#This Row],[True Rank]]<=_xlfn.PERCENTILE.INC(Table21112164[True Rank],Structures!$C$7),Structures!$D$7,Table21112164[[#This Row],[True Rank]]<=_xlfn.PERCENTILE.INC(Table21112164[True Rank],Structures!$C$8),Structures!$D$8,Table21112164[[#This Row],[True Rank]]<=_xlfn.PERCENTILE.INC(Table21112164[True Rank],Structures!$C$9),Structures!$D$9),0),Table21112164[[#This Row],[True Rank]])} -> 15 | AS10: River Jiang | AU10: 0.93958333 | AV10: =IFERROR(IF(Table2111216420[[#This Row],[Name]]="","",IFERROR(IF(Table2111216420[[#This Row],[Time]]="","TBD",AT$2-COUNTIF(Table2111216420[Time],"<"&Table2111216420[[#This Row],[Time]])),""))-(COUNTIF(Table2111216420[Time],Table2111216420[[#This Row],[Time]])-1),"") -> 3 | AW10: {=IF(ISNUMBER(Table2111216420[[#This Row],[True Rank]])=TRUE,ROUNDUP(IF(Table2111216420[[#This Row],[Rebuy]]="Yes",75%,100%)*_xlfn.IFS(Table2111216420[[#This Row],[True Rank]]=Structures!$B$3,Structures!$D$3,Table2111216420[[#This Row],[True Rank]]=Structures!$B$4,Structures!$D$4,Table2111216420[[#This Row],[True Rank]]=Structures!$B$5,Structures!$D$5,Table2111216420[[#This Row],[True Rank]]<Structures!$C$6,Structures!$D$6,Table2111216420[[#This Row],[True Rank]]<=_xlfn.PERCENTILE.INC(Table2111216420[True Rank],Structures!$C$7),Structures!$D$7,Table2111216420[[#This Row],[True Rank]]<=_xlfn.PERCENTILE.INC(Table2111216420[True Rank],Structures!$C$8),Structures!$D$8,Table2111216420[[#This Row],[True Rank]]<=_xlfn.PERCENTILE.INC(Table2111216420[True Rank],Structures!$C$9),Structures!$D$9),0),Table2111216420[[#This Row],[True Rank]])} -> 20 | AY10: Alexander Kowalski | BA10: 0.94791667 | BB10: =IFERROR(IF(Table211121642021[[#This Row],[Name]]="","",IFERROR(IF(Table211121642021[[#This Row],[Time]]="","TBD",AZ$2-COUNTIF(Table211121642021[Time],"<"&Table211121642021[[#This Row],[Time]])),""))-(COUNTIF(Table211121642021[Time],Table211121642021[[#This Row],[Time]])-1),"") -> 3 | BC10: {=IF(ISNUMBER(Table211121642021[[#This Row],[True Rank]])=TRUE,ROUNDUP(IF(Table211121642021[[#This Row],[Rebuy]]="Yes",75%,100%)*_xlfn.IFS(Table211121642021[[#This Row],[True Rank]]=Structures!$B$3,Structures!$D$3,Table211121642021[[#This Row],[True Rank]]=Structures!$B$4,Structures!$D$4,Table211121642021[[#This Row],[True Rank]]=Structures!$B$5,Structures!$D$5,Table211121642021[[#This Row],[True Rank]]<Structures!$C$6,Structures!$D$6,Table211121642021[[#This Row],[True Rank]]<=_xlfn.PERCENTILE.INC(Table211121642021[True Rank],Structures!$C$7),Structures!$D$7,Table211121642021[[#This Row],[True Rank]]<=_xlfn.PERCENTILE.INC(Table211121642021[True Rank],Structures!$C$8),Structures!$D$8,Table211121642021[[#This Row],[True Rank]]<=_xlfn.PERCENTILE.INC(Table211121642021[True Rank],Structures!$C$9),Structures!$D$9),0),Table211121642021[[#This Row],[True Rank]])} -> 20 | BE10: Samuel Sax-Marton | BG10: 0.95833333 | BH10: =IFERROR(IF(Table21112164202122[[#This Row],[Name]]="","",IFERROR(IF(Table21112164202122[[#This Row],[Time]]="","TBD",BF$2-COUNTIF(Table21112164202122[Time],"<"&Table21112164202122[[#This Row],[Time]])),""))-(COUNTIF(Table21112164202122[Time],Table21112164202122[[#This Row],[Time]])-1),"") -> 3 | BI10: {=IF(ISNUMBER(Table21112164202122[[#This Row],[True Rank]])=TRUE,ROUNDUP(IF(Table21112164202122[[#This Row],[Rebuy]]="Yes",75%,100%)*_xlfn.IFS(Table21112164202122[[#This Row],[True Rank]]=Structures!$B$3,Structures!$D$3,Table21112164202122[[#This Row],[True Rank]]=Structures!$B$4,Structures!$D$4,Table21112164202122[[#This Row],[True Rank]]=Structures!$B$5,Structures!$D$5,Table21112164202122[[#This Row],[True Rank]]<Structures!$C$6,Structures!$D$6,Table21112164202122[[#This Row],[True Rank]]<=_xlfn.PERCENTILE.INC(Table21112164202122[True Rank],Structures!$C$7),Structures!$D$7,Table21112164202122[[#This Row],[True Rank]]<=_xlfn.PERCENTILE.INC(Table21112164202122[True Rank],Structures!$C$8),Structures!$D$8,Table21112164202122[[#This Row],[True Rank]]<=_xlfn.PERCENTILE.INC(Table21112164202122[True Rank],Structures!$C$9),Structures!$D$9),0),Table21112164202122[[#This Row],[True Rank]])} -> 20 | BK10: Damon Deng | BM10: 0.93402778 | BN10: =IFERROR(IF(Table2111216420212223[[#This Row],[Name]]="","",IFERROR(IF(Table2111216420212223[[#This Row],[Time]]="","TBD",BL$2-COUNTIF(Table2111216420212223[Time],"<"&Table2111216420212223[[#This Row],[Time]])),""))-(COUNTIF(Table2111216420212223[Time],Table2111216420212223[[#This Row],[Time]])-1),"") -> 3 | BO10: {=IF(ISNUMBER(Table2111216420212223[[#This Row],[True Rank]])=TRUE,ROUNDUP(IF(Table2111216420212223[[#This Row],[Rebuy]]="Yes",75%,100%)*_xlfn.IFS(Table2111216420212223[[#This Row],[True Rank]]=Structures!$B$3,Structures!$D$3,Table2111216420212223[[#This Row],[True Rank]]=Structures!$B$4,Structures!$D$4,Table2111216420212223[[#This Row],[True Rank]]=Structures!$B$5,Structures!$D$5,Table2111216420212223[[#This Row],[True Rank]]<Structures!$C$6,Structures!$D$6,Table2111216420212223[[#This Row],[True Rank]]<=_xlfn.PERCENTILE.INC(Table2111216420212223[True Rank],Structures!$C$7),Structures!$D$7,Table2111216420212223[[#This Row],[True Rank]]<=_xlfn.PERCENTILE.INC(Table2111216420212223[True Rank],Structures!$C$8),Structures!$D$8,Table2111216420212223[[#This Row],[True Rank]]<=_xlfn.PERCENTILE.INC(Table2111216420212223[True Rank],Structures!$C$9),Structures!$D$9),0),Table2111216420212223[[#This Row],[True Rank]])} -> 20 | BQ10: Chris Kim | BR10: Yes | BS10: 0.91944444 | BT10: =IFERROR(IF(Table211121642021222325[[#This Row],[Name]]="","",IFERROR(IF(Table211121642021222325[[#This Row],[Time]]="","TBD",BR$2-COUNTIF(Table211121642021222325[Time],"<"&Table211121642021222325[[#This Row],[Time]])),""))-(COUNTIF(Table211121642021222325[Time],Table211121642021222325[[#This Row],[Time]])-1),"") -> 3 | BU10: {=IF(ISNUMBER(Table211121642021222325[[#This Row],[True Rank]])=TRUE,ROUNDUP(IF(Table211121642021222325[[#This Row],[Rebuy]]="Yes",75%,100%)*_xlfn.IFS(Table211121642021222325[[#This Row],[True Rank]]=Structures!$B$3,Structures!$D$3,Table211121642021222325[[#This Row],[True Rank]]=Structures!$B$4,Structures!$D$4,Table211121642021222325[[#This Row],[True Rank]]=Structures!$B$5,Structures!$D$5,Table211121642021222325[[#This Row],[True Rank]]<Structures!$C$6,Structures!$D$6,Table211121642021222325[[#This Row],[True Rank]]<=_xlfn.PERCENTILE.INC(_xlfn.SEQUENCE(MAX(Table211121642021222325[True Rank])),Structures!$C$7),Structures!$D$7,Table211121642021222325[[#This Row],[True Rank]]<=_xlfn.PERCENTILE.INC(_xlfn.SEQUENCE(MAX(Table211121642021222325[True Rank])),Structures!$C$8),Structures!$D$8,Table211121642021222325[[#This Row],[True Rank]]<=_xlfn.PERCENTILE.INC(_xlfn.SEQUENCE(MAX(Table211121642021222325[True Rank])),Structures!$C$9),Structures!$D$9),0),Table211121642021222325[[#This Row],[True Rank]])} -> 15 | BW10: Jacob Dusza | BY10: 0.92013889 | BZ10: =IFERROR(IF(Table21112164202122232534[[#This Row],[Name]]="","",IFERROR(IF(Table21112164202122232534[[#This Row],[Time]]="","TBD",BX$2-COUNTIF(Table21112164202122232534[Time],"<"&Table21112164202122232534[[#This Row],[Time]])),""))-(COUNTIF(Table21112164202122232534[Time],Table21112164202122232534[[#This Row],[Time]])-1),"") -> 3 | CA10: {=IF(ISNUMBER(Table21112164202122232534[[#This Row],[True Rank]])=TRUE,ROUNDUP(IF(Table21112164202122232534[[#This Row],[Rebuy]]="Yes",75%,100%)*_xlfn.IFS(Table21112164202122232534[[#This Row],[True Rank]]=Structures!$B$3,Structures!$D$3,Table21112164202122232534[[#This Row],[True Rank]]=Structures!$B$4,Structures!$D$4,Table21112164202122232534[[#This Row],[True Rank]]=Structures!$B$5,Structures!$D$5,Table21112164202122232534[[#This Row],[True Rank]]<Structures!$C$6,Structures!$D$6,Table21112164202122232534[[#This Row],[True Rank]]<=_xlfn.PERCENTILE.INC(_xlfn.SEQUENCE(MAX(Table21112164202122232534[True Rank])),Structures!$C$7),Structures!$D$7,Table21112164202122232534[[#This Row],[True Rank]]<=_xlfn.PERCENTILE.INC(_xlfn.SEQUENCE(MAX(Table21112164202122232534[True Rank])),Structures!$C$8),Structures!$D$8,Table21112164202122232534[[#This Row],[True Rank]]<=_xlfn.PERCENTILE.INC(_xlfn.SEQUENCE(MAX(Table21112164202122232534[True Rank])),Structures!$C$9),Structures!$D$9),0),Table21112164202122232534[[#This Row],[True Rank]])} -> 20 | CC10: Oliver Good | CE10: 0.92986111 | CF10: =IFERROR(IF(Table2111216420212223253435[[#This Row],[Name]]="","",IFERROR(IF(Table2111216420212223253435[[#This Row],[Time]]="","TBD",CD$2-COUNTIF(Table2111216420212223253435[Time],"<"&Table2111216420212223253435[[#This Row],[Time]])),""))-(COUNTIF(Table2111216420212223253435[Time],Table2111216420212223253435[[#This Row],[Time]])-1),"") -> 3 | CG10: {=IF(ISNUMBER(Table2111216420212223253435[[#This Row],[True Rank]])=TRUE,ROUNDUP(IF(Table2111216420212223253435[[#This Row],[Rebuy]]="Yes",75%,100%)*_xlfn.IFS(Table2111216420212223253435[[#This Row],[True Rank]]=Structures!$B$3,Structures!$D$3,Table2111216420212223253435[[#This Row],[True Rank]]=Structures!$B$4,Structures!$D$4,Table2111216420212223253435[[#This Row],[True Rank]]=Structures!$B$5,Structures!$D$5,Table2111216420212223253435[[#This Row],[True Rank]]<Structures!$C$6,Structures!$D$6,Table2111216420212223253435[[#This Row],[True Rank]]<=_xlfn.PERCENTILE.INC(_xlfn.SEQUENCE(MAX(Table2111216420212223253435[True Rank])),Structures!$C$7),Structures!$D$7,Table2111216420212223253435[[#This Row],[True Rank]]<=_xlfn.PERCENTILE.INC(_xlfn.SEQUENCE(MAX(Table2111216420212223253435[True Rank])),Structures!$C$8),Structures!$D$8,Table2111216420212223253435[[#This Row],[True Rank]]<=_xlfn.PERCENTILE.INC(_xlfn.SEQUENCE(MAX(Table2111216420212223253435[True Rank])),Structures!$C$9),Structures!$D$9),0),Table2111216420212223253435[[#This Row],[True Rank]])} -> 20 | CI10: Vishall Balaji Balakrishnan | CJ10: Yes | CK10: 0.91458333 | CL10: =IFERROR(IF(Table211121642021222325343536[[#This Row],[Name]]="","",IFERROR(IF(Table211121642021222325343536[[#This Row],[Time]]="","TBD",CJ$2-COUNTIF(Table211121642021222325343536[Time],"<"&Table211121642021222325343536[[#This Row],[Time]])),""))-(COUNTIF(Table211121642021222325343536[Time],Table211121642021222325343536[[#This Row],[Time]])-1),"") -> 3 | CM10: {=IF(ISNUMBER(Table211121642021222325343536[[#This Row],[True Rank]])=TRUE,ROUNDUP(IF(Table211121642021222325343536[[#This Row],[Rebuy]]="Yes",75%,100%)*_xlfn.IFS(Table211121642021222325343536[[#This Row],[True Rank]]=Structures!$B$3,Structures!$D$3,Table211121642021222325343536[[#This Row],[True Rank]]=Structures!$B$4,Structures!$D$4,Table211121642021222325343536[[#This Row],[True Rank]]=Structures!$B$5,Structures!$D$5,Table211121642021222325343536[[#This Row],[True Rank]]<Structures!$C$6,Structures!$D$6,Table211121642021222325343536[[#This Row],[True Rank]]<=_xlfn.PERCENTILE.INC(_xlfn.SEQUENCE(MAX(Table211121642021222325343536[True Rank])),Structures!$C$7),Structures!$D$7,Table211121642021222325343536[[#This Row],[True Rank]]<=_xlfn.PERCENTILE.INC(_xlfn.SEQUENCE(MAX(Table211121642021222325343536[True Rank])),Structures!$C$8),Structures!$D$8,Table211121642021222325343536[[#This Row],[True Rank]]<=_xlfn.PERCENTILE.INC(_xlfn.SEQUENCE(MAX(Table211121642021222325343536[True Rank])),Structures!$C$9),Structures!$D$9),0),Table211121642021222325343536[[#This Row],[True Rank]])} -> 15 | CO10: Liam Carter | CQ10: 0.94513889 | CR10: =IFERROR(IF(Table21112164202122232534353637[[#This Row],[Name]]="","",IFERROR(IF(Table21112164202122232534353637[[#This Row],[Time]]="","TBD",CP$2-COUNTIF(Table21112164202122232534353637[Time],"<"&Table21112164202122232534353637[[#This Row],[Time]])),""))-(COUNTIF(Table21112164202122232534353637[Time],Table21112164202122232534353637[[#This Row],[Time]])-1),"") -> 3 | CS10: {=IF(ISNUMBER(Table21112164202122232534353637[[#This Row],[True Rank]])=TRUE,ROUNDUP(IF(Table21112164202122232534353637[[#This Row],[Rebuy]]="Yes",75%,100%)*_xlfn.IFS(Table21112164202122232534353637[[#This Row],[True Rank]]=Structures!$B$3,Structures!$D$3,Table21112164202122232534353637[[#This Row],[True Rank]]=Structures!$B$4,Structures!$D$4,Table21112164202122232534353637[[#This Row],[True Rank]]=Structures!$B$5,Structures!$D$5,Table21112164202122232534353637[[#This Row],[True Rank]]<Structures!$C$6,Structures!$D$6,Table21112164202122232534353637[[#This Row],[True Rank]]<=_xlfn.PERCENTILE.INC(_xlfn.SEQUENCE(MAX(Table21112164202122232534353637[True Rank])),Structures!$C$7),Structures!$D$7,Table21112164202122232534353637[[#This Row],[True Rank]]<=_xlfn.PERCENTILE.INC(_xlfn.SEQUENCE(MAX(Table21112164202122232534353637[True Rank])),Structures!$C$8),Structures!$D$8,Table21112164202122232534353637[[#This Row],[True Rank]]<=_xlfn.PERCENTILE.INC(_xlfn.SEQUENCE(MAX(Table21112164202122232534353637[True Rank])),Structures!$C$9),Structures!$D$9),0),Table21112164202122232534353637[[#This Row],[True Rank]])} -> 20 | CU10: Aidan Kwong | CW10: 0.91388889 | CX10: =IFERROR(IF(Table2111216420212223253435363738[[#This Row],[Name]]="","",IFERROR(IF(Table2111216420212223253435363738[[#This Row],[Time]]="","TBD",CV$2-COUNTIF(Table2111216420212223253435363738[Time],"<"&Table2111216420212223253435363738[[#This Row],[Time]])),""))-(COUNTIF(Table2111216420212223253435363738[Time],Table2111216420212223253435363738[[#This Row],[Time]])-1),"") -> 3 | CY10: {=IF(ISNUMBER(Table2111216420212223253435363738[[#This Row],[True Rank]])=TRUE,ROUNDUP(IF(Table2111216420212223253435363738[[#This Row],[Rebuy]]="Yes",75%,100%)*_xlfn.IFS(Table2111216420212223253435363738[[#This Row],[True Rank]]=Structures!$B$3,Structures!$D$3,Table2111216420212223253435363738[[#This Row],[True Rank]]=Structures!$B$4,Structures!$D$4,Table2111216420212223253435363738[[#This Row],[True Rank]]=Structures!$B$5,Structures!$D$5,Table2111216420212223253435363738[[#This Row],[True Rank]]<Structures!$C$6,Structures!$D$6,Table2111216420212223253435363738[[#This Row],[True Rank]]<=_xlfn.PERCENTILE.INC(_xlfn.SEQUENCE(MAX(Table2111216420212223253435363738[True Rank])),Structures!$C$7),Structures!$D$7,Table2111216420212223253435363738[[#This Row],[True Rank]]<=_xlfn.PERCENTILE.INC(_xlfn.SEQUENCE(MAX(Table2111216420212223253435363738[True Rank])),Structures!$C$8),Structures!$D$8,Table2111216420212223253435363738[[#This Row],[True Rank]]<=_xlfn.PERCENTILE.INC(_xlfn.SEQUENCE(MAX(Table2111216420212223253435363738[True Rank])),Structures!$C$9),Structures!$D$9),0),Table2111216420212223253435363738[[#This Row],[True Rank]])} -> 20 | DA10: Matthew Choi | DB10: Yes | DC10: 0.93194444 | DD10: =IFERROR(IF(Table2111216420212223253435363739[[#This Row],[Name]]="","",IFERROR(IF(Table2111216420212223253435363739[[#This Row],[Time]]="","TBD",DB$2-COUNTIF(Table2111216420212223253435363739[Time],"<"&Table2111216420212223253435363739[[#This Row],[Time]])),""))-(COUNTIF(Table2111216420212223253435363739[Time],Table2111216420212223253435363739[[#This Row],[Time]])-1),"") -> 3 | DE10: {=IF(ISNUMBER(Table2111216420212223253435363739[[#This Row],[True Rank]])=TRUE,ROUNDUP(IF(Table2111216420212223253435363739[[#This Row],[Rebuy]]="Yes",75%,100%)*_xlfn.IFS(Table2111216420212223253435363739[[#This Row],[True Rank]]=Structures!$B$3,Structures!$D$3,Table2111216420212223253435363739[[#This Row],[True Rank]]=Structures!$B$4,Structures!$D$4,Table2111216420212223253435363739[[#This Row],[True Rank]]=Structures!$B$5,Structures!$D$5,Table2111216420212223253435363739[[#This Row],[True Rank]]<Structures!$C$6,Structures!$D$6,Table2111216420212223253435363739[[#This Row],[True Rank]]<=_xlfn.PERCENTILE.INC(_xlfn.SEQUENCE(MAX(Table2111216420212223253435363739[True Rank])),Structures!$C$7),Structures!$D$7,Table2111216420212223253435363739[[#This Row],[True Rank]]<=_xlfn.PERCENTILE.INC(_xlfn.SEQUENCE(MAX(Table2111216420212223253435363739[True Rank])),Structures!$C$8),Structures!$D$8,Table2111216420212223253435363739[[#This Row],[True Rank]]<=_xlfn.PERCENTILE.INC(_xlfn.SEQUENCE(MAX(Table2111216420212223253435363739[True Rank])),Structures!$C$9),Structures!$D$9),0),Table2111216420212223253435363739[[#This Row],[True Rank]])} -> 15 | DG10: Aaron Hamilton | DH10: Yes | DI10: 0.91666667 | DJ10: =IFERROR(IF(Table211121642021222325343536373841[[#This Row],[Name]]="","",IFERROR(IF(Table211121642021222325343536373841[[#This Row],[Time]]="","TBD",DH$2-COUNTIF(Table211121642021222325343536373841[Time],"<"&Table211121642021222325343536373841[[#This Row],[Time]])),""))-(COUNTIF(Table211121642021222325343536373841[Time],Table211121642021222325343536373841[[#This Row],[Time]])-1),"") -> 3 | DK10: {=IF(ISNUMBER(Table211121642021222325343536373841[[#This Row],[True Rank]])=TRUE,ROUNDUP(IF(Table211121642021222325343536373841[[#This Row],[Rebuy]]="Yes",75%,100%)*_xlfn.IFS(Table211121642021222325343536373841[[#This Row],[True Rank]]=Structures!$B$3,Structures!$D$3,Table211121642021222325343536373841[[#This Row],[True Rank]]=Structures!$B$4,Structures!$D$4,Table211121642021222325343536373841[[#This Row],[True Rank]]=Structures!$B$5,Structures!$D$5,Table211121642021222325343536373841[[#This Row],[True Rank]]<Structures!$C$6,Structures!$D$6,Table211121642021222325343536373841[[#This Row],[True Rank]]<=_xlfn.PERCENTILE.INC(_xlfn.SEQUENCE(MAX(Table211121642021222325343536373841[True Rank])),Structures!$C$7),Structures!$D$7,Table211121642021222325343536373841[[#This Row],[True Rank]]<=_xlfn.PERCENTILE.INC(_xlfn.SEQUENCE(MAX(Table211121642021222325343536373841[True Rank])),Structures!$C$8),Structures!$D$8,Table211121642021222325343536373841[[#This Row],[True Rank]]<=_xlfn.PERCENTILE.INC(_xlfn.SEQUENCE(MAX(Table211121642021222325343536373841[True Rank])),Structures!$C$9),Structures!$D$9),0),Table211121642021222325343536373841[[#This Row],[True Rank]])} -> 15 | DM10: =IF('Weekly Attendance'!AA50="Yes",'Weekly Attendance'!$D50,"") -> Matthew Fernandes | DO10: 0.85416667 | DP10: =IFERROR(IF(Table21112164202122232534353637384140[[#This Row],[Name]]="","",IFERROR(IF(Table21112164202122232534353637384140[[#This Row],[Time]]="","TBD",DN$2-COUNTIF(Table21112164202122232534353637384140[Time],"<"&Table21112164202122232534353637384140[[#This Row],[Time]])),""))-(COUNTIF(Table21112164202122232534353637384140[Time],Table21112164202122232534353637384140[[#This Row],[Time]])-1),"") -> 23 | DQ10: {=IF(ISNUMBER(Table21112164202122232534353637384140[[#This Row],[True Rank]])=TRUE,ROUNDUP(IF(Table21112164202122232534353637384140[[#This Row],[Rebuy]]="Yes",75%,100%)*_xlfn.IFS(Table21112164202122232534353637384140[[#This Row],[True Rank]]=Structures!$B$3,Structures!$D$3,Table21112164202122232534353637384140[[#This Row],[True Rank]]=Structures!$B$4,Structures!$D$4,Table21112164202122232534353637384140[[#This Row],[True Rank]]=Structures!$B$5,Structures!$D$5,Table21112164202122232534353637384140[[#This Row],[True Rank]]<Structures!$C$6,Structures!$D$6,Table21112164202122232534353637384140[[#This Row],[True Rank]]<=_xlfn.PERCENTILE.INC(_xlfn.SEQUENCE(MAX(Table21112164202122232534353637384140[True Rank])),Structures!$C$7),Structures!$D$7,Table21112164202122232534353637384140[[#This Row],[True Rank]]<=_xlfn.PERCENTILE.INC(_xlfn.SEQUENCE(MAX(Table21112164202122232534353637384140[True Rank])),Structures!$C$8),Structures!$D$8,Table21112164202122232534353637384140[[#This Row],[True Rank]]<=_xlfn.PERCENTILE.INC(_xlfn.SEQUENCE(MAX(Table21112164202122232534353637384140[True Rank])),Structures!$C$9),Structures!$D$9),0),Table21112164202122232534353637384140[[#This Row],[True Rank]])} -> 2
